stable_id,crop,n_years,year_min,year_max,completeness,mean_yield,cv,eligible,flag_low_cv,crop_n_eligible,crop_mean_cv,crop_std_cv,cv_zscore,flag_cv_outlier_high,flag_cv_outlier_low
TH.ADM1.00001,rice,44.0,1981.0,2024.0,1.0,3.5922313387643716,0.2417514204522929,True,False,72,0.1933113271433026,0.04851512776759451,0.998453380171157,False,False
TH.ADM1.00001,soybeans,6.0,1987.0,1994.0,0.75,1.0171788330394327,0.19363530183114952,True,False,42,0.16270380037231394,0.04400707031763776,0.7028757250954383,False,False
TH.ADM1.00002,rice,44.0,1981.0,2024.0,1.0,3.4906259256376204,0.2589450066250459,True,False,72,0.1933113271433026,0.04851512776759451,1.3528497708210314,False,False
TH.ADM1.00003,rice,44.0,1981.0,2024.0,1.0,3.699500931589581,0.24857555890512217,True,False,72,0.1933113271433026,0.04851512776759451,1.139113392147616,False,False
TH.ADM1.00004,rice,44.0,1981.0,2024.0,1.0,2.0076039100494345,0.18809893220208287,True,False,72,0.1933113271433026,0.04851512776759451,-0.10743854919210007,False,False
TH.ADM1.00004,soybeans,4.0,1987.0,1990.0,1.0,1.0159893387947831,0.16242042868775927,False,False,42,,,,False,False
TH.ADM1.00005,rice,44.0,1981.0,2024.0,1.0,3.4986184698931044,0.18256728540132353,True,False,72,0.1933113271433026,0.04851512776759451,-0.2214575584227465,False,False
TH.ADM1.00005,soybeans,29.0,1983.0,2011.0,1.0,1.5909088667133813,0.21114024966408748,True,False,42,0.16270380037231394,0.04400707031763776,1.100651530360123,False,False
TH.ADM1.00006,rice,44.0,1981.0,2024.0,1.0,3.7310162291934756,0.2066096039105052,True,False,72,0.1933113271433026,0.04851512776759451,0.2741057764684511,False,False
TH.ADM1.00006,soybeans,14.0,1984.0,1997.0,1.0,1.0855112856539413,0.16045814166167435,True,False,42,0.16270380037231394,0.04400707031763776,-0.05102949808816381,False,False
TH.ADM1.00007,rice,44.0,1981.0,2024.0,1.0,2.0774884420793267,0.21603427550487553,True,False,72,0.1933113271433026,0.04851512776759451,0.4683683091679012,False,False
TH.ADM1.00007,soybeans,39.0,1984.0,2022.0,1.0,1.4054950419575236,0.1288030741786025,True,False,42,0.16270380037231394,0.04400707031763776,-0.7703472634969801,False,False
TH.ADM1.00008,rice,43.0,1981.0,2023.0,1.0,2.1028060194689244,0.11457930024476283,True,False,72,0.1933113271433026,0.04851512776759451,-1.6228345780247233,False,False
TH.ADM1.00008,soybeans,25.0,1983.0,2008.0,0.9615384615384616,1.4825262091215807,0.15292195875416278,True,False,42,0.16270380037231394,0.04400707031763776,-0.2222788644539842,False,False
TH.ADM1.00009,rice,44.0,1981.0,2024.0,1.0,3.653452740817225,0.09263147792627074,True,False,72,0.1933113271433026,0.04851512776759451,-2.0752258903516805,False,True
TH.ADM1.00009,soybeans,40.0,1983.0,2022.0,1.0,1.5801278319582504,0.11839909705926842,True,False,42,0.16270380037231394,0.04400707031763776,-1.0067632994711868,False,False
TH.ADM1.00010,rice,44.0,1981.0,2024.0,1.0,3.3920933572576244,0.12340611531618323,True,False,72,0.1933113271433026,0.04851512776759451,-1.440895140212581,False,False
TH.ADM1.00010,soybeans,39.0,1983.0,2021.0,1.0,1.3103908595326743,0.13318864547119397,True,False,42,0.16270380037231394,0.04400707031763776,-0.670691202301883,False,False
TH.ADM1.00011,rice,44.0,1981.0,2024.0,1.0,2.57816939021123,0.26178743400254845,True,False,72,0.1933113271433026,0.04851512776759451,1.4114382463810433,False,False
TH.ADM1.00012,rice,44.0,1981.0,2024.0,1.0,2.19215552430192,0.2172424535621362,True,False,72,0.1933113271433026,0.04851512776759451,0.49327142934617413,False,False
TH.ADM1.00012,soybeans,4.0,1990.0,1994.0,0.8,1.3528197061928613,0.17753914368719997,False,False,42,,,,False,False
TH.ADM1.00013,rice,44.0,1981.0,2024.0,1.0,2.2949331619241935,0.1987718227870134,True,False,72,0.1933113271433026,0.04851512776759451,0.11255243250865214,False,False
TH.ADM1.00013,soybeans,29.0,1987.0,2015.0,1.0,1.2552731566565727,0.18955824402062244,True,False,42,0.16270380037231394,0.04400707031763776,0.6102302074297684,False,False
TH.ADM1.00014,rice,44.0,1981.0,2024.0,1.0,3.2547399758635422,0.18588844046776135,True,False,72,0.1933113271433026,0.04851512776759451,-0.15300148669296795,False,False
TH.ADM1.00014,soybeans,40.0,1983.0,2022.0,1.0,1.4560644450806162,0.15987806547913114,True,False,42,0.16270380037231394,0.04400707031763776,-0.0642109295798831,False,False
TH.ADM1.00015,rice,44.0,1981.0,2024.0,1.0,3.3030262018314533,0.2532919407809149,True,False,72,0.1933113271433026,0.04851512776759451,1.2363280567855395,False,False
TH.ADM1.00015,soybeans,39.0,1983.0,2022.0,0.975,1.5206280737995177,0.21246173131332266,True,False,42,0.16270380037231394,0.04400707031763776,1.1306803788996163,False,False
TH.ADM1.00016,rice,44.0,1981.0,2024.0,1.0,1.9844383550130806,0.18596459352776779,True,False,72,0.1933113271433026,0.04851512776759451,-0.1514318101093827,False,False
TH.ADM1.00016,soybeans,40.0,1983.0,2022.0,1.0,1.4146760385075543,0.11159869179390665,True,False,42,0.16270380037231394,0.04400707031763776,-1.1612931333428185,False,False
TH.ADM1.00017,rice,44.0,1981.0,2024.0,1.0,1.9354886610603386,0.1534394456157767,True,False,72,0.1933113271433026,0.04851512776759451,-0.8218443063476415,False,False
TH.ADM1.00018,rice,44.0,1981.0,2024.0,1.0,3.067237647880336,0.1422890773399969,True,False,72,0.1933113271433026,0.04851512776759451,-1.0516771190982168,False,False
TH.ADM1.00018,soybeans,40.0,1983.0,2022.0,1.0,1.3193428181226095,0.13123949980338465,True,False,42,0.16270380037231394,0.04400707031763776,-0.7149828502970942,False,False
TH.ADM1.00019,rice,44.0,1981.0,2024.0,1.0,3.4355342143978147,0.1277530110528438,True,False,72,0.1933113271433026,0.04851512776759451,-1.3512963709898382,False,False
TH.ADM1.00019,soybeans,38.0,1983.0,2022.0,0.95,1.5573421214247347,0.18253687355923826,True,False,42,0.16270380037231394,0.04400707031763776,0.45067924412535465,False,False
TH.ADM1.00020,rice,44.0,1981.0,2024.0,1.0,2.4546780030982056,0.11530860297828989,True,False,72,0.1933113271433026,0.04851512776759451,-1.6078020970835065,False,False
TH.ADM1.00020,soybeans,40.0,1983.0,2022.0,1.0,1.4709165624169234,0.12237727786141654,True,False,42,0.16270380037231394,0.04400707031763776,-0.9163646254982527,False,False
TH.ADM1.00021,rice,44.0,1981.0,2024.0,1.0,3.0882905099788673,0.2268251796250268,True,False,72,0.1933113271433026,0.04851512776759451,0.6907918009052353,False,False
TH.ADM1.00021,soybeans,22.0,1983.0,2004.0,1.0,1.5393066577586927,0.15673715018046291,True,False,42,0.16270380037231394,0.04400707031763776,-0.13558389933218593,False,False
TH.ADM1.00022,rice,44.0,1981.0,2024.0,1.0,2.787414867095293,0.11985715926463181,True,False,72,0.1933113271433026,0.04851512776759451,-1.5140466748957881,False,False
TH.ADM1.00022,soybeans,40.0,1983.0,2022.0,1.0,1.672228610262185,0.18967334497495086,True,False,42,0.16270380037231394,0.04400707031763776,0.6128457179260965,False,False
TH.ADM1.00023,rice,44.0,1981.0,2024.0,1.0,2.0541552096627975,0.23566112159839894,True,False,72,0.1933113271433026,0.04851512776759451,0.8729193635842329,False,False
TH.ADM1.00023,soybeans,22.0,1987.0,2008.0,1.0,1.1677991642659857,0.16143382311498009,True,False,42,0.16270380037231394,0.04400707031763776,-0.02885848224313299,False,False
TH.ADM1.00024,rice,44.0,1981.0,2024.0,1.0,2.9519931894549347,0.2419792514245332,True,False,72,0.1933113271433026,0.04851512776759451,1.0031494612230651,False,False
TH.ADM1.00025,rice,44.0,1981.0,2024.0,1.0,4.191674258934913,0.18921634886651437,True,False,72,0.1933113271433026,0.04851512776759451,-0.08440621441635067,False,False
TH.ADM1.00026,rice,44.0,1981.0,2024.0,1.0,1.9350228849630762,0.21163513217788205,True,False,72,0.1933113271433026,0.04851512776759451,0.3776926059508136,False,False
TH.ADM1.00026,soybeans,6.0,1987.0,1994.0,0.75,0.9873809138078937,0.24605969087108207,True,False,42,0.16270380037231394,0.04400707031763776,1.8941476880218406,False,False
TH.ADM1.00027,rice,44.0,1981.0,2024.0,1.0,1.990891215381253,0.24201267908620167,True,False,72,0.1933113271433026,0.04851512776759451,1.003838476447937,False,False
TH.ADM1.00027,soybeans,19.0,1983.0,2001.0,1.0,1.3433122118577736,0.130357046621362,True,False,42,0.16270380037231394,0.04400707031763776,-0.7350353822119253,False,False
TH.ADM1.00028,rice,44.0,1981.0,2024.0,1.0,3.0593717499263207,0.24375449996757373,True,False,72,0.1933113271433026,0.04851512776759451,1.0397411105647847,False,False
TH.ADM1.00028,soybeans,26.0,1983.0,2008.0,1.0,1.5231978896564469,0.09248721543374995,True,False,42,0.16270380037231394,0.04400707031763776,-1.5955750844523187,False,False
TH.ADM1.00029,rice,44.0,1981.0,2024.0,1.0,2.362866365194765,0.2333968395042832,True,False,72,0.1933113271433026,0.04851512776759451,0.8262476923281559,False,False
TH.ADM1.00030,rice,44.0,1981.0,2024.0,1.0,2.995240567230761,0.13465531293788788,True,False,72,0.1933113271433026,0.04851512776759451,-1.2090252443814808,False,False
TH.ADM1.00030,soybeans,39.0,1984.0,2022.0,1.0,1.4778066226844613,0.16190051868240507,True,False,42,0.16270380037231394,0.04400707031763776,-0.018253468911038115,False,False
TH.ADM1.00031,rice,43.0,1981.0,2023.0,1.0,2.2517773714704976,0.15443166912866843,True,False,72,0.1933113271433026,0.04851512776759451,-0.8013924687755576,False,False
TH.ADM1.00032,rice,44.0,1981.0,2024.0,1.0,1.979429958908326,0.1759197263865092,True,False,72,0.1933113271433026,0.04851512776759451,-0.3584778925061399,False,False
TH.ADM1.00032,soybeans,23.0,1984.0,2006.0,1.0,1.293558658767962,0.057165546540936286,True,False,42,0.16270380037231394,0.04400707031763776,-2.3982113117191215,False,True
TH.ADM1.00033,rice,44.0,1981.0,2024.0,1.0,4.374957688460467,0.14911685331688457,True,False,72,0.1933113271433026,0.04851512776759451,-0.910942130012024,False,False
TH.ADM1.00034,rice,44.0,1981.0,2024.0,1.0,2.2848595107197465,0.19639182019096818,True,False,72,0.1933113271433026,0.04851512776759451,0.06349551551059063,False,False
TH.ADM1.00035,rice,43.0,1981.0,2023.0,1.0,1.9133101302758058,0.11897327076789743,True,False,72,0.1933113271433026,0.04851512776759451,-1.5322654973003902,False,False
TH.ADM1.00036,rice,44.0,1981.0,2024.0,1.0,2.618196369852828,0.14510733308742388,True,False,72,0.1933113271433026,0.04851512776759451,-0.9935868722595922,False,False
TH.ADM1.00037,rice,44.0,1981.0,2024.0,1.0,3.085868197652563,0.11375144560936662,True,False,72,0.1933113271433026,0.04851512776759451,-1.63989842333421,False,False
TH.ADM1.00037,soybeans,34.0,1984.0,2017.0,1.0,1.4381834495189165,0.20921565513959142,True,False,42,0.16270380037231394,0.04400707031763776,1.0569177732478097,False,False
TH.ADM1.00038,rice,44.0,1981.0,2024.0,1.0,3.1612100034175112,0.14525013453040952,True,False,72,0.1933113271433026,0.04851512776759451,-0.9906434307073053,False,False
TH.ADM1.00038,soybeans,34.0,1983.0,2016.0,1.0,1.4776834461511037,0.13952947285650635,True,False,42,0.16270380037231394,0.04400707031763776,-0.5266046421299593,False,False
TH.ADM1.00039,rice,44.0,1981.0,2024.0,1.0,3.4835750173995934,0.24024271636694455,True,False,72,0.1933113271433026,0.04851512776759451,0.9673557791800684,False,False
TH.ADM1.00039,soybeans,13.0,1984.0,1996.0,1.0,1.1632716861716266,0.1895477911769474,True,False,42,0.16270380037231394,0.04400707031763776,0.6099926809686886,False,False
TH.ADM1.00040,rice,44.0,1981.0,2024.0,1.0,3.3383330893237524,0.21308506191733012,True,False,72,0.1933113271433026,0.04851512776759451,0.40757874262953736,False,False
TH.ADM1.00040,soybeans,34.0,1987.0,2022.0,0.9444444444444444,1.4272255124730764,0.19916887985681883,True,False,42,0.16270380037231394,0.04400707031763776,0.8286186565318782,False,False
TH.ADM1.00041,rice,44.0,1981.0,2024.0,1.0,3.3349782834472648,0.18478937108686427,True,False,72,0.1933113271433026,0.04851512776759451,-0.17565564492093394,False,False
TH.ADM1.00041,soybeans,39.0,1983.0,2021.0,1.0,1.427959703004467,0.1396501672776741,True,False,42,0.16270380037231394,0.04400707031763776,-0.523862027811474,False,False
TH.ADM1.00042,rice,44.0,1981.0,2024.0,1.0,3.453458330437479,0.08788923704254971,True,False,72,0.1933113271433026,0.04851512776759451,-2.1729735641584598,False,True
TH.ADM1.00042,soybeans,39.0,1983.0,2021.0,1.0,1.3476714600605764,0.12413413402938454,True,False,42,0.16270380037231394,0.04400707031763776,-0.8764424912755647,False,False
TH.ADM1.00043,rice,43.0,1981.0,2023.0,1.0,2.421167225533418,0.2111995791271529,True,False,72,0.1933113271433026,0.04851512776759451,0.3687149309292078,False,False
TH.ADM1.00044,rice,44.0,1981.0,2024.0,1.0,2.15232164530244,0.21891327844844766,True,False,72,0.1933113271433026,0.04851512776759451,0.5277106849597083,False,False
TH.ADM1.00044,soybeans,30.0,1983.0,2012.0,1.0,1.6637737259093182,0.2465506727902186,True,False,42,0.16270380037231394,0.04400707031763776,1.9053045752127555,False,False
TH.ADM1.00045,rice,44.0,1981.0,2024.0,1.0,2.681868224484237,0.2652593706138579,True,False,72,0.1933113271433026,0.04851512776759451,1.4830022465407733,False,False
TH.ADM1.00045,soybeans,8.0,1985.0,1992.0,1.0,1.1905925765811842,0.2154753961684075,True,False,42,0.16270380037231394,0.04400707031763776,1.199161757762889,False,False
TH.ADM1.00046,rice,44.0,1981.0,2024.0,1.0,4.081268392664,0.20128249831436731,True,False,72,0.1933113271433026,0.04851512776759451,0.16430279662973557,False,False
TH.ADM1.00047,rice,43.0,1981.0,2023.0,1.0,1.8828007495628738,0.1471725063766354,True,False,72,0.1933113271433026,0.04851512776759451,-0.9510192570797567,False,False
TH.ADM1.00048,rice,44.0,1981.0,2024.0,1.0,3.5817221235711956,0.2414876215476092,True,False,72,0.1933113271433026,0.04851512776759451,0.9930159235092393,False,False
TH.ADM1.00048,soybeans,6.0,1983.0,1990.0,0.75,1.142137130250467,0.12955353496755062,True,False,42,0.16270380037231394,0.04400707031763776,-0.7532940767355945,False,False
TH.ADM1.00049,rice,44.0,1981.0,2024.0,1.0,2.569968671022464,0.16787126763770163,True,False,72,0.1933113271433026,0.04851512776759451,-0.5243737505437129,False,False
TH.ADM1.00050,rice,44.0,1981.0,2024.0,1.0,2.0124783285153844,0.24480847198731612,True,False,72,0.1933113271433026,0.04851512776759451,1.0614657162339958,False,False
TH.ADM1.00050,soybeans,20.0,1988.0,2008.0,0.9523809523809523,1.3096922913473943,0.18185222490319522,True,False,42,0.16270380037231394,0.04400707031763776,0.43512154734842035,False,False
TH.ADM1.00051,rice,44.0,1981.0,2024.0,1.0,1.895424047318923,0.18877198373928694,True,False,72,0.1933113271433026,0.04851512776759451,-0.0935655250824196,False,False
TH.ADM1.00051,soybeans,17.0,1985.0,2003.0,0.8947368421052632,1.1837202225943464,0.1693053644407909,True,False,42,0.16270380037231394,0.04400707031763776,0.15001144181668202,False,False
TH.ADM1.00052,rice,44.0,1981.0,2024.0,1.0,4.134440479003123,0.1844256176389115,True,False,72,0.1933113271433026,0.04851512776759451,-0.18315337737451615,False,False
TH.ADM1.00053,rice,44.0,1981.0,2024.0,1.0,3.7274462418474994,0.19630595717584073,True,False,72,0.1933113271433026,0.04851512776759451,0.061725696093876695,False,False
TH.ADM1.00054,rice,44.0,1981.0,2024.0,1.0,3.7107310620567446,0.23126845059890014,True,False,72,0.1933113271433026,0.04851512776759451,0.7823770688067909,False,False
TH.ADM1.00055,rice,44.0,1981.0,2024.0,1.0,3.248171680877356,0.22827687772693508,True,False,72,0.1933113271433026,0.04851512776759451,0.7207143872964835,False,False
TH.ADM1.00055,soybeans,25.0,1983.0,2007.0,1.0,1.6397834454032616,0.2274244887844987,True,False,42,0.16270380037231394,0.04400707031763776,1.4706884131354028,False,False
TH.ADM1.00056,rice,43.0,1981.0,2023.0,1.0,2.2315384413626087,0.1587010750112384,True,False,72,0.1933113271433026,0.04851512776759451,-0.7133909303065257,False,False
TH.ADM1.00057,rice,44.0,1981.0,2024.0,1.0,2.0382031698069123,0.2056846076568341,True,False,72,0.1933113271433026,0.04851512776759451,0.2550396357359734,False,False
TH.ADM1.00057,soybeans,14.0,1987.0,2022.0,0.3888888888888889,0.8775163477616775,0.2320544621508326,True,False,42,0.16270380037231394,0.04400707031763776,1.5758981744968232,False,False
TH.ADM1.00058,rice,44.0,1981.0,2024.0,1.0,3.932979759667702,0.18208134713929258,True,False,72,0.1933113271433026,0.04851512776759451,-0.2314737798446248,False,False
TH.ADM1.00058,soybeans,7.0,1984.0,1994.0,0.6363636363636364,0.9888628321866063,0.23128346373872066,True,False,42,0.16270380037231394,0.04400707031763776,1.5583782985644565,False,False
TH.ADM1.00059,rice,44.0,1981.0,2024.0,1.0,2.6465339417545177,0.25835764934176075,True,False,72,0.1933113271433026,0.04851512776759451,1.3407430876005153,False,False
TH.ADM1.00060,rice,44.0,1981.0,2024.0,1.0,2.98262717007711,0.26363008407470795,True,False,72,0.1933113271433026,0.04851512776759451,1.4494191846357354,False,False
TH.ADM1.00060,soybeans,40.0,1983.0,2022.0,1.0,1.4630995169702294,0.15744270612065644,True,False,42,0.16270380037231394,0.04400707031763776,-0.119551113348004,False,False
TH.ADM1.00061,rice,44.0,1981.0,2024.0,1.0,4.058428581820437,0.18122552295880517,True,False,72,0.1933113271433026,0.04851512776759451,-0.2491141369840953,False,False
TH.ADM1.00061,soybeans,12.0,1983.0,1994.0,1.0,1.0797661037394934,0.12200757153423539,True,False,42,0.16270380037231394,0.04400707031763776,-0.9247656920657987,False,False
TH.ADM1.00062,rice,44.0,1981.0,2024.0,1.0,2.2497884876901173,0.21539707030953872,True,False,72,0.1933113271433026,0.04851512776759451,0.4552341544277703,False,False
TH.ADM1.00063,rice,44.0,1981.0,2024.0,1.0,2.0604735681621182,0.19202563272817252,True,False,72,0.1933113271433026,0.04851512776759451,-0.026500897231251812,False,False
TH.ADM1.00063,soybeans,3.0,1988.0,1990.0,1.0,0.8615779903064481,0.16301358419407824,False,False,42,,,,False,False
TH.ADM1.00064,rice,44.0,1981.0,2024.0,1.0,2.698560674134893,0.1360680727448475,True,False,72,0.1933113271433026,0.04851512776759451,-1.1799052590909698,False,False
TH.ADM1.00064,soybeans,40.0,1983.0,2022.0,1.0,1.3965177249834198,0.12326750918419928,True,False,42,0.16270380037231394,0.04400707031763776,-0.8961353460584456,False,False
TH.ADM1.00065,rice,44.0,1981.0,2024.0,1.0,2.1278212763816637,0.17781099943244896,True,False,72,0.1933113271433026,0.04851512776759451,-0.3194947313156829,False,False
TH.ADM1.00066,rice,44.0,1981.0,2024.0,1.0,2.3336210846555545,0.17758916155703802,True,False,72,0.1933113271433026,0.04851512776759451,-0.32406728189152856,False,False
TH.ADM1.00067,rice,44.0,1981.0,2024.0,1.0,1.822738950551681,0.23031678627761382,True,False,72,0.1933113271433026,0.04851512776759451,0.7627612424640232,False,False
TH.ADM1.00067,soybeans,3.0,1989.0,1994.0,0.5,1.0267043830511111,0.19017922286587804,False,False,42,,,,False,False
TH.ADM1.00068,rice,44.0,1981.0,2024.0,1.0,1.93690515264268,0.22817439731169079,True,False,72,0.1933113271433026,0.04851512776759451,0.7186020479095768,False,False
TH.ADM1.00068,soybeans,40.0,1983.0,2022.0,1.0,1.3519245880836859,0.1253758104407382,True,False,42,0.16270380037231394,0.04400707031763776,-0.848227106738685,False,False
TH.ADM1.00069,rice,44.0,1981.0,2024.0,1.0,2.9691767116377634,0.3112934262142409,True,False,72,0.1933113271433026,0.04851512776759451,2.431862070653846,True,False
TH.ADM1.00069,soybeans,25.0,1984.0,2008.0,1.0,1.4481979968551226,0.14357967990365553,True,False,42,0.16270380037231394,0.04400707031763776,-0.4345692710426484,False,False
TH.ADM1.00070,rice,44.0,1981.0,2024.0,1.0,3.4580074429773004,0.18844025914790402,True,False,72,0.1933113271433026,0.04851512776759451,-0.10040307466019263,False,False
TH.ADM1.00070,soybeans,40.0,1983.0,2022.0,1.0,1.353542846678752,0.12312944130147178,True,False,42,0.16270380037231394,0.04400707031763776,-0.8992727483379188,False,False
TH.ADM1.00071,rice,43.0,1981.0,2023.0,1.0,2.047256282785719,0.11883709722578949,True,False,72,0.1933113271433026,0.04851512776759451,-1.5350723237146227,False,False
TH.ADM1.00072,rice,44.0,1981.0,2024.0,1.0,1.9295913115031937,0.24686092176463753,True,False,72,0.1933113271433026,0.04851512776759451,1.1037710727643013,False,False
TH.ADM1.00072,soybeans,2.0,1991.0,1994.0,0.5,0.9357770204748845,0.24913606798282528,False,False,42,,,,False,False
