stable_id,crop,year,yield_mt_ha,series_mean,series_std,zscore
VN.ADM1.00003,sugarcane_for_sugar,2022,15.0,67.52394464053549,14.09861088580907,-3.7254694853237895
VN.ADM1.00033,cassava,2023,299.15294117647056,47.071049875818005,72.81636499943886,3.4618851312145993
VN.ADM1.00006,cassava,2019,163.5,29.98648702567046,41.19483041219965,3.241025916076842
VN.ADM1.00033,cassava,2022,276.23595505617976,47.071049875818005,72.81636499943886,3.147162113655739
VN.ADM1.00036,sugarcane_for_sugar,2023,15.246481922494048,51.874717891943135,11.732172699582618,-3.1220334806997996
VN.ADM1.00036,sugarcane_for_sugar,2022,15.270017406440385,51.874717891943135,11.732172699582618,-3.120027417155647
VN.ADM1.00027,sugarcane_for_sugar,2023,16.682320872274143,52.094829540552745,11.433687210551005,-3.0972081023521394
VN.ADM1.00027,sugarcane_for_sugar,2022,16.75409437327712,52.094829540552745,11.433687210551005,-3.0909307309599305
VN.ADM1.00025,cassava,2009,194.9,31.54600916629076,53.26649607060656,3.066730550798347
VN.ADM1.00031,maize_corn,1980,7.12,3.013699224879015,1.3423212262734436,3.0591044041826785
VN.ADM1.00012,soybean_unspecified,1996,0.9,1.4792752350018534,0.18998193410013745,-3.0491069466453773
VN.ADM1.00021,maize_corn,2015,13.0,3.577586206896552,3.0926444861797795,3.0467174080983943
VN.ADM1.00015,cassava,1996,6.088888888888889,9.961032977805354,1.2762544035620793,-3.033990776532602
VN.ADM1.00024,cassava,2022,4.85,9.031464640251759,1.3868955535340635,-3.0149816470293116
VN.ADM1.00009,soybean,1982,16.0,2.7295498661925124,4.404762289981652,3.0127505777077395
VN.ADM1.00003,maize_corn,2023,6.0,3.0453778860028864,0.9811070354059206,3.0115186288259324
VN.ADM1.00033,sugarcane_for_sugar,2022,26.020408163265305,42.30529659765722,5.524695837009366,-2.9476533939300564
VN.ADM1.00020,sugarcane_for_sugar,2022,38.68589743589744,27.1789909791828,3.9109401995671247,2.9422353371673284
VN.ADM1.00031,sugarcane,1980,113.0,34.151515151515156,27.03089328748112,2.916976661108056
VN.ADM1.00020,sugarcane_for_sugar,2023,38.56617647058823,27.1789909791828,3.9109401995671247,2.911623525377811
VN.ADM1.00018,sugarcane_for_sugar,2023,10.165487768936044,76.55634629526833,22.810804510109403,-2.910500526051541
VN.ADM1.00032,soybean,1980,1.1428571428571428,0.5565187787766839,0.20190731796812508,2.903997586521473
VN.ADM1.00018,sugarcane_for_sugar,2022,10.52763217013629,76.55634629526833,22.810804510109403,-2.8946245230355254
VN.ADM1.00028,sugarcane_for_sugar,2022,18.58937198067633,46.8988446877149,9.887297003747468,-2.8632165794462083
VN.ADM1.00028,sugarcane_for_sugar,2023,18.7027027027027,46.8988446877149,9.887297003747468,-2.85175432419248
VN.ADM1.00022,sugarcane,1980,5.333333333333333,28.94112554112554,8.317876351358896,-2.8381994646909354
VN.ADM1.00001,soybean_unspecified,2015,1.0,2.561055079233622,0.55282262465584,-2.8237901446335663
VN.ADM1.00025,sugarcane,1983,51.296875,43.42514750381468,2.7916358488255595,2.8197544101237115
VN.ADM1.00029,sugarcane_for_sugar,2023,15.889212417226318,44.223340721946414,10.126449190844626,-2.7980319429575693
VN.ADM1.00008,sugarcane_for_sugar,2023,14.472168905950095,52.25778886201126,13.625555964476035,-2.7731433531647602
VN.ADM1.00025,cassava,2016,179.16666666666666,31.54600916629076,53.26649607060656,2.771360393308013
VN.ADM1.00008,sugarcane_for_sugar,2022,14.67641196013289,52.25778886201126,13.625555964476035,-2.758153648912303
VN.ADM1.00023,sugarcane,1980,76.0,42.06314443132624,12.329461517683754,2.7525010333986772
VN.ADM1.00036,soybean_unspecified,1996,0.6666666666666666,1.317980371643437,0.23707361033665003,-2.74730580114712
VN.ADM1.00022,soybean,1980,0.1578947368421052,0.48183097333845626,0.11834381569145794,-2.7372468481234953
VN.ADM1.00029,sugarcane_for_sugar,2022,16.51658938691396,44.223340721946414,10.126449190844626,-2.7360776529726003
VN.ADM1.00033,sugarcane_for_sugar,2023,27.194444444444443,42.30529659765722,5.524695837009366,-2.7351464404586294
VN.ADM1.00006,sugarcane_for_sugar,2023,10.16390423572744,83.01213188661546,26.780996362670983,-2.720146280757067
VN.ADM1.00021,cassava,2014,29.571428571428573,10.338832661744561,7.075892132166808,2.7180453786531267
VN.ADM1.00006,sugarcane_for_sugar,2022,10.40064724919094,83.01213188661546,26.780996362670983,-2.711306317887221
VN.ADM1.00012,sugarcane_for_sugar,2022,16.32129963898917,53.545509300731,13.838355404230827,-2.6899301668723723
VN.ADM1.00037,sugarcane_for_sugar,2023,16.586309523809526,41.90640672586193,9.42548474245992,-2.6863442988762625
VN.ADM1.00012,sugarcane_for_sugar,2023,16.373493975903614,53.545509300731,13.838355404230827,-2.686158451564462
VN.ADM1.00009,soybean_unspecified,2011,1.8,2.0647117492156637,0.0988619897485625,-2.6775887263538785
VN.ADM1.00019,sugarcane_for_sugar,2022,14.515,52.25031681716846,14.144607473075341,-2.667823542576116
VN.ADM1.00016,soybean_unspecified,1996,1.2465753424657535,1.7890348069452724,0.20340229446680094,-2.6669289346097242
VN.ADM1.00035,soybean,1990,2.0,0.751469119116178,0.4687410019053581,2.6635836758652247
VN.ADM1.00010,sugarcane_for_sugar,2023,14.00880616431502,44.705962525334776,11.612102979787814,-2.6435484093149753
VN.ADM1.00019,sugarcane_for_sugar,2023,15.16216216216216,52.25031681716846,14.144607473075341,-2.6220702642759544
VN.ADM1.00001,soybean_unspecified,2013,4.0,2.561055079233622,0.55282262465584,2.6029052657933347
VN.ADM1.00013,sugarcane_for_sugar,2023,13.609465020576131,53.45223984163285,15.309987054228385,-2.6024042136634438
VN.ADM1.00033,maize_corn,1996,1.706896551724138,3.1258990024753963,0.5453676428853914,-2.6019190343668055
VN.ADM1.00013,sugarcane_for_sugar,2022,13.73702781237028,53.45223984163285,15.309987054228385,-2.594072214992098
VN.ADM1.00021,cassava,2015,28.666666666666668,10.338832661744561,7.075892132166808,2.5901799607153824
VN.ADM1.00023,sugarcane_for_sugar,2022,15.424,57.10963901279447,16.296932169302675,-2.55788258671866
VN.ADM1.00035,soybean_unspecified,1996,1.2571428571428571,1.8166340267256866,0.21884047629951078,-2.5566164863263015
VN.ADM1.00023,sugarcane_for_sugar,2023,15.457627118644067,57.10963901279447,16.296932169302675,-2.5558191849510923
VN.ADM1.00010,sugarcane_for_sugar,2022,15.23144947343034,44.705962525334776,11.612102979787814,-2.5382579799032254
VN.ADM1.00037,sugarcane_for_sugar,2022,17.987646293888165,41.90640672586193,9.42548474245992,-2.537668999051533
VN.ADM1.00032,sugarcane,1980,38.5,29.85303030303031,3.4100897526622553,2.5357014988297615
VN.ADM1.00016,rice_paddy,1980,2.7033224145999064,5.48475462579188,1.1029129616151188,-2.5218963852948213
VN.ADM1.00037,soybean,1981,0.5,0.925,0.1687371394276382,-2.518710471456454
VN.ADM1.00015,cassava,1995,6.770833333333333,9.961032977805354,1.2762544035620793,-2.4996580897727294
VN.ADM1.00007,sugarcane_for_sugar,2023,14.0039975399754,49.636081205384166,14.355624949704731,-2.4820990928814735
VN.ADM1.00006,cassava,2020,132.0,29.98648702567046,41.19483041219965,2.4763668633557168
VN.ADM1.00007,sugarcane_for_sugar,2022,14.16789769595414,49.636081205384166,14.355624949704731,-2.4706819545435073
VN.ADM1.00005,sugarcane_for_sugar,2023,15.487380818844644,47.28736992450918,12.910711398313287,-2.463070246448157
VN.ADM1.00004,sugarcane,1985,7.142857142857143,25.046616262525355,7.271025967582798,-2.462342893491301
VN.ADM1.00012,groundnuts_in_shell,1995,0.75,2.6930146618077098,0.7892018330400741,-2.461999681783617
VN.ADM1.00034,sugarcane_for_sugar,2023,13.167003119838505,54.31550003586516,16.714800728677336,-2.4618000288468167
VN.ADM1.00034,sugarcane_for_sugar,2022,13.400171379605826,54.31550003586516,16.714800728677336,-2.447850220915976
VN.ADM1.00017,sugarcane,1985,98.0,39.36363636363637,24.15480377594787,2.4275239070561505
VN.ADM1.00005,sugarcane_for_sugar,2022,16.028274668205423,47.28736992450918,12.910711398313287,-2.4211752777920186
VN.ADM1.00020,soybean,1980,0.2857142857142857,0.48007642132869643,0.08045282750242527,-2.4158521415366243
VN.ADM1.00030,groundnuts_in_shell,2022,2.3935898846619383,1.5030557335007593,0.36991620173899853,2.4073942881515435
VN.ADM1.00038,sugarcane,1980,58.57627118644068,46.88249995713973,4.867859010116748,2.4022411505752492
VN.ADM1.00012,rice_paddy,1980,1.9542139384116692,5.050518174892221,1.2906862811115547,-2.3989595936620454
VN.ADM1.00013,sugarcane,1985,28.448275862068964,39.54878496364592,4.629341892979022,-2.397858995554481
VN.ADM1.00006,soybean,1980,0.8333333333333334,1.1712842712842713,0.1415517154821367,-2.3874732764618884
VN.ADM1.00007,groundnuts_in_shell,2004,0.6796116504854369,1.4842725462850936,0.3373024243326818,-2.3855769711456882
VN.ADM1.00036,soybean,1990,1.0,0.5104781582054309,0.2052205174253734,2.3853455197167572
VN.ADM1.00038,rice_paddy,1980,2.40744625065548,4.799608977515334,1.0032885210677784,-2.3843218342754744
VN.ADM1.00015,sugarcane_for_sugar,2023,19.28447653429603,46.90597361207932,11.675206202699979,-2.3658252024187476
VN.ADM1.00019,rice_paddy,2023,5.39375,3.5361996312581536,0.7886932979494663,2.355225248612249
VN.ADM1.00015,sugarcane_for_sugar,2022,19.45131485429993,46.90597361207932,11.675206202699979,-2.3515352346779363
VN.ADM1.00005,cassava,1996,3.5384615384615383,10.5709760602778,2.9944281237764203,-2.3485334197794043
VN.ADM1.00039,rice_paddy,1996,3.017910447761194,4.937201959238918,0.8222129073899922,-2.3342999048388386
VN.ADM1.00032,cassava,1999,6.987951807228916,10.587174969776678,1.5460731636681868,-2.327977256916035
VN.ADM1.00025,sugarcane_for_sugar,1997,9.683229813664596,53.623448474488114,18.940480441381915,-2.31991045828073
VN.ADM1.00031,cassava,1980,3.697674418604651,6.674285038000611,1.29330436293026,-2.3015546105881883
VN.ADM1.00030,sugarcane,1980,18.68,26.32894022268297,3.331181854815253,-2.2961641111326174
VN.ADM1.00016,rice_paddy,1984,2.9693747341556787,5.48475462579188,1.1029129616151188,-2.2806694446247593
VN.ADM1.00006,cassava,2017,123.0,29.98648702567046,41.19483041219965,2.257892848292538
VN.ADM1.00006,rice_paddy,1981,2.219200659250103,4.499293231324802,1.0099851451126343,-2.2575506017174356
VN.ADM1.00035,cassava,1980,18.0,10.8,3.190262963734773,2.2568672494542934
VN.ADM1.00016,rice_paddy,1981,3.0,5.48475462579188,1.1029129616151188,-2.2529018265894494
VN.ADM1.00020,sugarcane,1980,15.0,22.623737373737374,3.391514808342436,-2.247885621783084
VN.ADM1.00005,soybean,1989,0.5909090909090909,0.5067657520256238,0.037547641380101984,2.240975352663779
VN.ADM1.00015,sugarcane,1982,15.461538461538462,28.337832308730142,5.756973906628096,-2.2366427321074007
VN.ADM1.00025,groundnuts_in_shell,1999,1.352112676056338,2.5306370110163035,0.5270393012329291,-2.2361223009422355
VN.ADM1.00037,groundnuts_in_shell,2023,1.9109506427551184,1.0490061019193322,0.38694917973248927,2.2275393927225196
VN.ADM1.00020,rice_paddy,1980,1.223950233281493,3.816925887140705,1.1647379066653156,-2.2262310164550145
VN.ADM1.00003,rice_paddy,1980,1.971077368040492,3.7098288589661252,0.783689033896612,-2.218675285374757
VN.ADM1.00024,cassava,1989,12.105263157894736,9.031464640251759,1.3868955535340635,2.216315792353921
VN.ADM1.00022,maize_corn,1980,0.0772532188841201,1.8898265670048793,0.8262185684195956,-2.1938182188133086
VN.ADM1.00006,cassava,2018,120.0,29.98648702567046,41.19483041219965,2.185068176604812
VN.ADM1.00016,sugarcane,1986,38.5,49.05692640692641,4.8462319624816255,-2.1783782717491897
VN.ADM1.00032,sugarcane_for_sugar,2022,14.818075117370892,45.75707365878263,14.22386382339739,-2.1751472683898285
VN.ADM1.00006,rice_paddy,1980,2.3134784268804887,4.499293231324802,1.0099851451126343,-2.1642049044202025
VN.ADM1.00032,sugarcane_for_sugar,2023,15.053680981595091,45.75707365878263,14.22386382339739,-2.158583142977109
VN.ADM1.00017,cassava,1980,4.0,8.0,1.855921454276674,-2.155263624321299
VN.ADM1.00024,sugarcane,1987,13.571428571428571,27.438055555555554,6.456639344560323,-2.1476539487697304
VN.ADM1.00001,rice_paddy,1981,2.3364864864864865,5.0698946981093975,1.27455812411934,-2.1445928278175375
VN.ADM1.00011,rice_paddy,1980,1.974967907573813,4.783650297543047,1.3123139408580087,-2.1402518883041655
VN.ADM1.00013,soybean,1980,0.2631578947368421,0.596800741196162,0.15631138367395553,-2.134475676801978
VN.ADM1.00003,sugarcane,1981,37.06593406593407,51.15138643778355,6.5991627989050885,-2.134430199871185
VN.ADM1.00039,rice_paddy,1997,3.183629893238434,4.937201959238918,0.8222129073899922,-2.1327469445438036
VN.ADM1.00019,rice_paddy,2022,5.216049382716049,3.5361996312581536,0.7886932979494663,2.1299150833731666
VN.ADM1.00009,soybean_unspecified,2007,2.2739726027397262,2.0647117492156637,0.0988619897485625,2.1166967613769407
VN.ADM1.00002,cassava,1996,5.948717948717949,11.19955389679905,2.481519046118986,-2.1159764847637317
VN.ADM1.00027,sugarcane,1990,46.5,36.87702261718451,4.549501862350177,2.115171654824747
VN.ADM1.00002,rice_paddy,1981,1.8976157082748948,4.267085750603209,1.1232535498367076,-2.10947033523533
VN.ADM1.00033,cassava,2021,200.66666677083333,47.071049875818005,72.81636499943886,2.109355732000615
VN.ADM1.00032,cassava,1995,7.328467153284672,10.587174969776678,1.5460731636681868,-2.107731958014491
VN.ADM1.00039,cassava,1980,5.043062200956938,11.110306244702446,2.8901246080695366,-2.09930188712456
VN.ADM1.00035,rice_paddy,1980,2.6977535738597687,5.4337129377728735,1.305818628791989,-2.0952062588080373
VN.ADM1.00012,rice_paddy,1981,2.349343469246717,5.050518174892221,1.2906862811115547,-2.092820498037075
VN.ADM1.00038,rice_paddy,1981,2.703798767967146,4.799608977515334,1.0032885210677784,-2.088940684099188
VN.ADM1.00037,groundnuts_in_shell,2022,1.8552384770686865,1.0490061019193322,0.38694917973248927,2.0835614012846064
VN.ADM1.00009,cassava,1981,0.6666666666666666,4.296296296296297,1.7435949807194684,-2.0816930937320763
VN.ADM1.00021,sugarcane_for_sugar,2023,14.26751592356688,49.05165764186195,16.74444381549237,-2.077354261603597
VN.ADM1.00037,sugarcane,1981,30.166666666666668,39.009516241334424,4.25748314849069,-2.0770134058669414
VN.ADM1.00024,rice_paddy,1998,1.3579175704989157,3.2763276561616776,0.9244064381078464,-2.0752885382208355
VN.ADM1.00015,cassava,2011,12.609375,9.961032977805354,1.2762544035620793,2.075089429507951
VN.ADM1.00036,soybean_unspecified,1995,0.8260869565217391,1.317980371643437,0.23707361033665003,-2.0748552081490548
VN.ADM1.00002,rice_paddy,1980,1.9380530973451329,4.267085750603209,1.1232535498367076,-2.0734701026287947
VN.ADM1.00036,rice_paddy,1980,1.2620662145991224,4.297368898636504,1.4656578968244507,-2.0709489510572574
VN.ADM1.00009,rice_paddy,1981,2.164109716410972,4.9140520270332555,1.3289911740832638,-2.0691953146484887
VN.ADM1.00018,rice_paddy,1980,2.353336422613531,4.807597433802159,1.1891618525029615,-2.0638578390509847
VN.ADM1.00010,sugarcane,1987,13.2,22.500167462073236,4.50889178801599,-2.0626282242549694
VN.ADM1.00027,soybean,1982,0.4545454545454545,0.3278433687524596,0.06187607353954279,2.0476749500277207
VN.ADM1.00008,rice_paddy,2023,6.129333333333333,3.84326026928065,1.1182534991614224,2.0443245344342835
VN.ADM1.00029,rice_paddy,1981,2.554892601431981,4.897184288883691,1.1464666500982992,-2.0430526149634445
VN.ADM1.00034,soybean,1981,0.5,0.9166666666666666,0.2041241452319315,-2.0412414523193148
VN.ADM1.00003,rice_paddy,2016,2.110843373493976,3.7098288589661252,0.783689033896612,-2.040331580910056
VN.ADM1.00034,sugarcane,1981,34.14912280701754,38.891098367067684,2.324600529868888,-2.0399098680054073
VN.ADM1.00027,groundnuts_in_shell,2023,2.7916029349825986,1.8566092737981408,0.45849963213399086,2.039246262494748
VN.ADM1.00016,rice_paddy,1983,3.2401524777636594,5.48475462579188,1.1029129616151188,-2.035158009877043
VN.ADM1.00028,groundnuts_in_shell,2023,3.3896665803630506,2.0687959260712945,0.6495516880358113,2.0335112333953838
VN.ADM1.00035,soybean_unspecified,1995,1.375,1.8166340267256866,0.21884047629951078,-2.018063724743748
VN.ADM1.00021,cassava,2012,24.6,10.338832661744561,7.075892132166808,2.0154585558794165
VN.ADM1.00018,rice_paddy,1981,2.418668496911462,4.807597433802159,1.1891618525029615,-2.0089182409126662
VN.ADM1.00026,maize_corn,1997,2.2,3.958956916099773,0.8763002621224723,-2.007253668781786
VN.ADM1.00035,rice_paddy,1986,2.8212005108556832,5.4337129377728735,1.305818628791989,-2.0006702074192506
