year,n_eligible_districts,n_districts_high,n_districts_low,n_districts_any,fraction_districts_high,fraction_districts_low,fraction_districts_any
1983,20,1,2,3,0.05,0.1,0.15
1984,21,0,2,2,0.0,0.09523809523809523,0.09523809523809523
1985,21,0,0,0,0.0,0.0,0.0
1986,21,0,0,0,0.0,0.0,0.0
1987,21,0,1,1,0.0,0.047619047619047616,0.047619047619047616
1988,21,0,2,2,0.0,0.09523809523809523,0.09523809523809523
1989,21,0,0,0,0.0,0.0,0.0
1990,21,0,0,0,0.0,0.0,0.0
1991,21,0,0,0,0.0,0.0,0.0
1992,21,0,0,0,0.0,0.0,0.0
1993,21,1,1,2,0.047619047619047616,0.047619047619047616,0.09523809523809523
1994,21,0,0,0,0.0,0.0,0.0
1995,21,0,0,0,0.0,0.0,0.0
1996,21,0,0,0,0.0,0.0,0.0
1997,21,1,0,1,0.047619047619047616,0.0,0.047619047619047616
1998,21,0,0,0,0.0,0.0,0.0
1999,21,0,0,0,0.0,0.0,0.0
2000,21,0,0,0,0.0,0.0,0.0
2001,21,0,0,0,0.0,0.0,0.0
2002,21,0,0,0,0.0,0.0,0.0
2003,21,0,0,0,0.0,0.0,0.0
2004,21,0,0,0,0.0,0.0,0.0
2005,21,0,0,0,0.0,0.0,0.0
2006,21,0,2,2,0.0,0.09523809523809523,0.09523809523809523
2007,21,0,0,0,0.0,0.0,0.0
2008,21,0,0,0,0.0,0.0,0.0
2009,21,0,0,0,0.0,0.0,0.0
2010,21,1,1,2,0.047619047619047616,0.047619047619047616,0.09523809523809523
2011,21,1,0,1,0.047619047619047616,0.0,0.047619047619047616
2012,21,0,0,0,0.0,0.0,0.0
2013,21,0,0,0,0.0,0.0,0.0
2014,21,0,0,0,0.0,0.0,0.0
2015,21,0,0,0,0.0,0.0,0.0
2016,21,0,0,0,0.0,0.0,0.0
2017,21,0,0,0,0.0,0.0,0.0
2018,21,5,0,5,0.23809523809523808,0.0,0.23809523809523808
2019,21,0,0,0,0.0,0.0,0.0
2020,21,0,0,0,0.0,0.0,0.0
2021,21,17,11,19,0.8095238095238095,0.5238095238095238,0.9047619047619048
2022,21,2,0,2,0.09523809523809523,0.0,0.09523809523809523
2023,21,9,0,9,0.42857142857142855,0.0,0.42857142857142855
2024,21,15,0,15,0.7142857142857143,0.0,0.7142857142857143
