stable_id,crop,start_year,end_year,run_length,yield_mt_ha,production_and_area_also_identical,flag_repeat
IN.ADM2.00324,arhartur,1999,2009,11,1.0,False,True
IN.ADM2.00302,ragi,2010,2020,11,1.0,True,True
IN.ADM2.00299,ragi,2010,2020,11,1.0,False,True
IN.ADM2.00297,jowar,2010,2020,11,1.0,False,True
IN.ADM2.00276,sesamum,1998,2008,11,0.5,True,True
IN.ADM2.00293,sugarcane,1999,2008,10,2.0,False,True
IN.ADM2.00562,rapeseed_mustard,2001,2010,10,1.0,False,True
IN.ADM2.00102,rice,2000,2009,10,5.0,False,True
IN.ADM2.00062,groundnut,2011,2020,10,1.0,False,True
IN.ADM2.00331,rapeseed_mustard,2005,2013,9,1.0,False,True
IN.ADM2.00303,bajra,2012,2020,9,1.0,True,True
IN.ADM2.00302,barley,2012,2020,9,1.0,True,True
IN.ADM2.00302,groundnut,2010,2018,9,1.0,False,True
IN.ADM2.00301,barley,2012,2020,9,1.0,False,True
IN.ADM2.00512,arhartur,2001,2009,9,1.0,False,True
IN.ADM2.00300,bajra,2012,2020,9,1.0,False,True
IN.ADM2.00298,bajra,2012,2020,9,1.0,True,True
IN.ADM2.00299,bajra,2012,2020,9,1.1,True,True
IN.ADM2.00299,jowar,2012,2020,9,1.0,False,True
IN.ADM2.00299,groundnut,2010,2018,9,1.0,False,True
IN.ADM2.00299,barley,2012,2020,9,1.0,True,True
IN.ADM2.00302,bajra,2012,2020,9,0.75,True,True
IN.ADM2.00512,rapeseed_mustard,2001,2008,8,1.0,False,True
IN.ADM2.00278,wheat,2002,2009,8,1.0,False,True
IN.ADM2.00278,rapeseed_mustard,2004,2011,8,0.5,True,True
IN.ADM2.00293,wheat,2005,2012,8,1.0,False,True
IN.ADM2.00273,sesamum,2001,2008,8,1.0,True,True
IN.ADM2.00262,cottonlint,1998,2005,8,0.17,True,True
IN.ADM2.00298,barley,2013,2020,8,1.0,True,True
IN.ADM2.00300,jowar,2010,2017,8,1.0,False,True
IN.ADM2.00511,barley,2006,2013,8,3.0,False,True
IN.ADM2.00303,barley,2013,2020,8,1.0,True,True
IN.ADM2.00303,jowar,2013,2020,8,1.0,False,True
IN.ADM2.00321,rapeseed_mustard,2001,2008,8,1.0,False,True
IN.ADM2.00149,soyabean,2010,2017,8,1.5,True,True
IN.ADM2.00331,arhartur,2015,2022,8,1.0,False,True
IN.ADM2.00484,sesamum,2014,2021,8,1.0,False,True
IN.ADM2.00565,arhartur,2007,2013,7,1.0,False,True
IN.ADM2.00041,cottonlint,2015,2021,7,0.085,False,True
IN.ADM2.00332,arhartur,2016,2022,7,1.0,False,True
IN.ADM2.00100,sesamum,2016,2022,7,0.8571428571428571,True,True
IN.ADM2.00343,arhartur,2007,2013,7,1.0,False,True
IN.ADM2.00511,groundnut,2003,2009,7,1.0,False,True
IN.ADM2.00299,sesamum,2010,2016,7,0.625,True,True
IN.ADM2.00301,ragi,2011,2017,7,0.9230769230769232,True,True
IN.ADM2.00059,cottonlint,2002,2008,7,0.085,True,True
IN.ADM2.00565,rapeseed_mustard,2006,2011,6,1.0,True,True
IN.ADM2.00510,bajra,2002,2007,6,1.0,True,True
IN.ADM2.00501,sesamum,2015,2020,6,1.0,True,True
IN.ADM2.00303,sesamum,2013,2018,6,0.6,True,True
IN.ADM2.00293,sugarcane,2015,2020,6,2.8181818181818183,True,True
IN.ADM2.00117,ragi,2006,2011,6,1.0,False,True
IN.ADM2.00039,cottonlint,1997,2002,6,0.0635652173913043,True,True
IN.ADM2.00332,bajra,2003,2008,6,1.0,False,True
IN.ADM2.00503,sugarcane,1999,2004,6,3.0,False,True
IN.ADM2.00300,cottonlint,2006,2011,6,0.0849999999999999,True,True
IN.ADM2.00203,sugarcane,1999,2004,6,100.0,False,True
IN.ADM2.00257,groundnut,2004,2009,6,1.0,False,True
IN.ADM2.00298,sesamum,2010,2015,6,0.5777777777777777,True,True
IN.ADM2.00272,groundnut,2000,2005,6,1.3333333333333333,True,True
IN.ADM2.00300,cottonlint,2013,2018,6,0.102,True,True
IN.ADM2.00202,sugarcane,1999,2004,6,100.0,False,True
IN.ADM2.00300,sesamum,2010,2015,6,0.6333333333333333,True,True
IN.ADM2.00328,rapeseed_mustard,2006,2011,6,1.0,True,True
IN.ADM2.00511,bajra,2002,2007,6,1.0,False,True
IN.ADM2.00557,rapeseed_mustard,2001,2006,6,1.0,False,True
IN.ADM2.00301,groundnut,2013,2018,6,1.0,False,True
IN.ADM2.00291,sugarcane,2015,2020,6,1.0769230769230769,True,True
IN.ADM2.00293,wheat,2015,2020,6,1.6,True,True
IN.ADM2.00046,sesamum,2000,2005,6,0.4,False,True
IN.ADM2.00564,arhartur,2000,2004,5,1.0,True,True
IN.ADM2.00129,maize,1999,2003,5,0.0,False,True
IN.ADM2.00503,soyabean,2016,2020,5,2.0,False,True
IN.ADM2.00357,potato,2015,2019,5,30.0,False,True
IN.ADM2.00337,groundnut,2014,2018,5,2.0,False,True
IN.ADM2.00092,groundnut,2018,2022,5,1.0,False,True
IN.ADM2.00134,barley,1999,2003,5,0.0,False,True
IN.ADM2.00053,arhartur,1997,2001,5,0.6666666666666666,False,True
IN.ADM2.00503,sugarcane,2016,2020,5,3.5454545454545454,True,True
IN.ADM2.00334,soyabean,2016,2020,5,1.0,False,True
IN.ADM2.00134,sesamum,1999,2003,5,0.0,False,True
IN.ADM2.00499,maize,1999,2003,5,0.0,False,True
IN.ADM2.00132,maize,1999,2003,5,0.0,False,True
IN.ADM2.00124,rapeseed_mustard,2005,2009,5,1.0,True,True
IN.ADM2.00458,ragi,2005,2009,5,0.8888888888888888,True,True
IN.ADM2.00560,barley,1999,2003,5,0.0,False,True
IN.ADM2.00560,sesamum,1999,2003,5,0.0,False,True
IN.ADM2.00488,potato,2009,2013,5,15.0,False,True
IN.ADM2.00498,arhartur,2015,2019,5,1.0,False,True
IN.ADM2.00103,maize,2010,2014,5,1.0,False,True
IN.ADM2.00513,maize,1999,2003,5,3.0,True,True
IN.ADM2.00220,potato,2015,2019,5,25.0,False,True
IN.ADM2.00297,ragi,2010,2014,5,1.0,True,True
IN.ADM2.00214,potato,2015,2019,5,23.0,False,True
IN.ADM2.00027,sugarcane,2006,2010,5,10.0,False,True
IN.ADM2.00278,maize,2007,2011,5,3.0,True,True
IN.ADM2.00291,sugarcane,2004,2008,5,0.7142857142857143,True,True
IN.ADM2.00513,arhartur,2002,2006,5,1.0,False,True
IN.ADM2.00272,sesamum,2006,2010,5,0.5,True,True
IN.ADM2.00297,cottonlint,2015,2019,5,0.10625,False,True
IN.ADM2.00273,maize,2007,2011,5,3.0,True,True
IN.ADM2.00212,potato,2015,2019,5,25.0,False,True
IN.ADM2.00213,potato,2015,2019,5,22.0,False,True
IN.ADM2.00140,sesamum,1999,2003,5,0.0,False,True
IN.ADM2.00143,sesamum,1999,2003,5,0.0,False,True
IN.ADM2.00136,maize,1999,2003,5,0.0,False,True
IN.ADM2.00148,ragi,2013,2017,5,0.8823529411764706,True,True
IN.ADM2.00137,jowar,1999,2003,5,0.0,False,True
IN.ADM2.00511,bajra,2009,2013,5,1.0,False,True
IN.ADM2.00053,maize,1999,2003,5,0.4,False,True
IN.ADM2.00151,groundnut,2012,2016,5,1.0,True,True
IN.ADM2.00137,sesamum,1999,2003,5,0.0,False,True
IN.ADM2.00300,groundnut,2010,2014,5,1.0,True,True
IN.ADM2.00297,bajra,2016,2020,5,1.0,True,True
IN.ADM2.00563,barley,2006,2010,5,4.0,False,True
IN.ADM2.00559,barley,1999,2003,5,0.0,False,True
IN.ADM2.00559,sesamum,1999,2003,5,0.0,False,True
IN.ADM2.00136,bajra,1999,2003,5,0.0,False,True
IN.ADM2.00136,barley,1999,2003,5,0.0,False,True
IN.ADM2.00559,groundnut,1999,2003,5,0.0,False,True
IN.ADM2.00565,sesamum,2018,2022,5,1.0,False,True
IN.ADM2.00499,barley,1999,2003,5,0.0,False,True
IN.ADM2.00102,maize,2003,2007,5,2.0,False,True
IN.ADM2.00498,barley,1999,2003,5,0.0,False,True
IN.ADM2.00498,sesamum,1999,2003,5,0.0,False,True
IN.ADM2.00438,groundnut,2016,2020,5,1.0,True,True
IN.ADM2.00455,soyabean,2006,2010,5,0.6,False,True
IN.ADM2.00501,potato,2016,2020,5,6.2631578947368425,True,True
IN.ADM2.00134,maize,1999,2003,5,0.0,False,True
IN.ADM2.00499,jowar,1999,2003,5,0.0,False,True
IN.ADM2.00571,bajra,2019,2022,4,2.0,False,True
IN.ADM2.00561,arhartur,2003,2006,4,1.0,False,True
IN.ADM2.00559,bajra,1999,2002,4,0.0,False,True
IN.ADM2.00564,arhartur,2006,2009,4,1.0,True,True
IN.ADM2.00033,arhartur,2017,2020,4,0.4576271186440678,True,True
IN.ADM2.00329,rapeseed_mustard,2006,2009,4,1.0,False,True
IN.ADM2.00332,arhartur,2010,2013,4,0.8,True,True
IN.ADM2.00332,bajra,1997,2000,4,1.0,True,True
IN.ADM2.00065,sesamum,2011,2014,4,1.0,True,True
IN.ADM2.00059,cottonlint,2013,2016,4,0.17,True,True
IN.ADM2.00101,bajra,2005,2008,4,1.0,False,True
IN.ADM2.00501,wheat,2007,2010,4,1.0,False,True
IN.ADM2.00510,bajra,1997,2000,4,1.0,True,True
IN.ADM2.00333,arhartur,2018,2021,4,1.0,False,True
IN.ADM2.00134,bajra,2017,2020,4,2.0,False,True
IN.ADM2.00133,maize,1999,2002,4,0.0,False,True
IN.ADM2.00332,groundnut,1997,2000,4,1.0,True,True
IN.ADM2.00391,groundnut,2012,2015,4,1.0,False,True
IN.ADM2.00433,groundnut,2017,2020,4,1.0,True,True
IN.ADM2.00498,bajra,2013,2016,4,2.0,False,True
IN.ADM2.00497,wheat,2017,2020,4,2.4651162790697674,True,True
IN.ADM2.00129,groundnut,2018,2021,4,1.0,False,True
IN.ADM2.00470,jowar,2008,2011,4,1.0,True,True
IN.ADM2.00488,arhartur,2015,2018,4,1.0,False,True
IN.ADM2.00102,potato,1998,2001,4,25.0,False,True
IN.ADM2.00102,wheat,2020,2023,4,5.0,True,True
IN.ADM2.00102,rice,2019,2022,4,5.5,False,True
IN.ADM2.00491,potato,2007,2010,4,3.0,False,True
IN.ADM2.00488,potato,1999,2002,4,30.0,False,True
IN.ADM2.00115,rapeseed_mustard,2008,2011,4,1.0,False,True
IN.ADM2.00459,ragi,2002,2005,4,0.3,True,True
IN.ADM2.00126,rapeseed_mustard,2005,2008,4,1.0,True,True
IN.ADM2.00129,groundnut,2000,2003,4,0.0,False,True
IN.ADM2.00452,bajra,2000,2003,4,1.1894736842105262,True,True
IN.ADM2.00383,arhartur,2018,2021,4,1.0,False,True
IN.ADM2.00032,wheat,2017,2020,4,1.7490942028985508,True,True
IN.ADM2.00499,arhartur,2018,2021,4,1.0,False,True
IN.ADM2.00284,wheat,2015,2018,4,2.4909090909090907,True,True
IN.ADM2.00285,sugarcane,2015,2018,4,47.5925925925926,True,True
IN.ADM2.00286,sugarcane,2015,2018,4,52.4,True,True
IN.ADM2.00039,maize,1999,2002,4,0.5,False,True
IN.ADM2.00041,wheat,2017,2020,4,1.0,False,True
IN.ADM2.00041,arhartur,2007,2010,4,0.7419354838709677,True,True
IN.ADM2.00562,barley,2003,2006,4,3.0,True,True
IN.ADM2.00283,sugarcane,2015,2018,4,46.67857142857143,True,True
IN.ADM2.00564,groundnut,2018,2021,4,2.0,False,True
IN.ADM2.00282,sugarcane,2015,2018,4,46.96666666666667,True,True
IN.ADM2.00282,soyabean,2013,2016,4,0.8648648648648649,True,True
IN.ADM2.00282,groundnut,2013,2016,4,0.8484848484848485,True,True
IN.ADM2.00026,groundnut,2017,2020,4,2.8,True,True
IN.ADM2.00160,sugarcane,2009,2012,4,1.5,False,True
IN.ADM2.00324,groundnut,2002,2005,4,1.0,True,True
IN.ADM2.00321,maize,2012,2015,4,4.0,False,True
IN.ADM2.00303,arhartur,2017,2020,4,0.9285714285714286,True,True
IN.ADM2.00303,rapeseed_mustard,2015,2018,4,1.0141509433962264,True,True
IN.ADM2.00317,ragi,2007,2010,4,1.0,True,True
IN.ADM2.00152,groundnut,2013,2016,4,0.5714285714285714,True,True
IN.ADM2.00319,sesamum,2019,2022,4,1.0,False,True
IN.ADM2.00146,sesamum,2013,2016,4,0.25,True,True
IN.ADM2.00147,ragi,2013,2016,4,0.75,True,True
IN.ADM2.00144,sugarcane,2005,2008,4,8.0,False,True
IN.ADM2.00145,ragi,2013,2016,4,0.6,True,True
IN.ADM2.00139,arhartur,2018,2021,4,1.0,False,True
IN.ADM2.00140,groundnut,2000,2003,4,0.0,False,True
IN.ADM2.00140,groundnut,2013,2016,4,1.0,False,True
IN.ADM2.00136,rapeseed_mustard,2000,2003,4,0.0,False,True
IN.ADM2.00139,groundnut,1999,2002,4,0.0,False,True
IN.ADM2.00142,maize,1999,2002,4,0.0,False,True
IN.ADM2.00140,maize,2000,2003,4,0.0,False,True
IN.ADM2.00300,barley,2013,2016,4,1.0,True,True
IN.ADM2.00300,barley,2017,2020,4,1.1666666666666667,True,True
IN.ADM2.00053,sesamum,1999,2002,4,0.5,False,True
IN.ADM2.00053,cottonlint,1999,2002,4,0.0728571428571428,True,True
IN.ADM2.00511,rapeseed_mustard,2008,2011,4,1.5,True,True
IN.ADM2.00511,rapeseed_mustard,2004,2007,4,1.0,False,True
IN.ADM2.00510,barley,2010,2013,4,3.5,True,True
IN.ADM2.00057,cottonlint,2010,2013,4,0.1275,True,True
IN.ADM2.00301,sesamum,2012,2015,4,0.6,True,True
IN.ADM2.00189,sesamum,2005,2008,4,1.0,False,True
IN.ADM2.00301,bajra,2012,2015,4,1.0,True,True
IN.ADM2.00301,arhartur,2016,2019,4,0.8947368421052632,True,True
IN.ADM2.00300,rapeseed_mustard,2015,2018,4,1.006896551724138,True,True
IN.ADM2.00512,cottonlint,2003,2006,4,0.51,True,True
IN.ADM2.00512,barley,2007,2010,4,4.0,True,True
IN.ADM2.00511,sugarcane,1997,2000,4,60.0,True,True
IN.ADM2.00303,arhartur,2013,2016,4,0.8928571428571429,True,True
IN.ADM2.00302,rapeseed_mustard,2015,2018,4,1.011494252873563,True,True
IN.ADM2.00302,jowar,2014,2017,4,0.8,True,True
IN.ADM2.00302,arhartur,2016,2019,4,0.9047619047619048,True,True
IN.ADM2.00324,sesamum,2019,2022,4,0.5,True,True
IN.ADM2.00324,jowar,2006,2009,4,1.0,True,True
IN.ADM2.00143,barley,2000,2003,4,0.0,False,True
IN.ADM2.00328,rapeseed_mustard,2001,2004,4,1.0,False,True
IN.ADM2.00298,arhartur,2016,2019,4,0.9,True,True
IN.ADM2.00298,groundnut,2013,2016,4,1.0769230769230769,True,True
IN.ADM2.00298,ragi,2013,2016,4,0.875,True,True
IN.ADM2.00245,cottonlint,2005,2008,4,0.17,False,True
IN.ADM2.00259,cottonlint,2002,2005,4,0.17,False,True
IN.ADM2.00298,ragi,2017,2020,4,1.0,True,True
IN.ADM2.00300,arhartur,2016,2019,4,0.9130434782608696,True,True
IN.ADM2.00299,arhartur,2016,2019,4,0.9090909090909092,True,True
IN.ADM2.00033,soyabean,2017,2020,4,1.5,True,True
IN.ADM2.00033,wheat,2017,2020,4,1.5833333333333333,True,True
IN.ADM2.00036,wheat,2017,2020,4,2.648,True,True
IN.ADM2.00267,maize,1997,2000,4,1.0,True,True
IN.ADM2.00297,barley,2017,2020,4,1.0476190476190477,True,True
IN.ADM2.00276,maize,2007,2010,4,3.0,False,True
IN.ADM2.00274,ragi,2006,2009,4,1.0,True,True
IN.ADM2.00273,arhartur,2001,2004,4,0.5,True,True
IN.ADM2.00297,ragi,2017,2020,4,1.0,True,True
IN.ADM2.00557,arhartur,2003,2006,4,1.0,True,True
IN.ADM2.00536,arhartur,2017,2020,4,0.9347826086956522,True,True
IN.ADM2.00044,cottonlint,2000,2003,4,0.068,True,True
IN.ADM2.00046,maize,2000,2003,4,0.4,False,True
IN.ADM2.00513,maize,2012,2015,4,4.0,True,True
IN.ADM2.00557,rapeseed_mustard,2008,2011,4,1.0,False,True
IN.ADM2.00046,cottonlint,2013,2016,4,0.068,False,True
IN.ADM2.00293,sesamum,2015,2018,4,1.255813953488372,True,True
IN.ADM2.00517,jowar,2000,2003,4,1.0,True,True
IN.ADM2.00279,rice,2004,2007,4,1.0,False,True
IN.ADM2.00289,wheat,2017,2020,4,1.293103448275862,True,True
IN.ADM2.00278,sesamum,2001,2004,4,0.3333333333333333,True,True
IN.ADM2.00278,rapeseed_mustard,1999,2002,4,0.5,True,True
IN.ADM2.00288,sugarcane,2015,2018,4,51.90476190476191,True,True
IN.ADM2.00281,wheat,2015,2018,4,2.6,True,True
IN.ADM2.00287,wheat,2015,2018,4,2.5,True,True
IN.ADM2.00287,sugarcane,2015,2018,4,60.18620689655173,True,True
IN.ADM2.00028,wheat,2017,2020,4,1.7960457856399583,True,True
IN.ADM2.00030,wheat,2017,2020,4,2.106761565836299,True,True
IN.ADM2.00028,sesamum,2017,2020,4,0.8090614886731392,True,True
IN.ADM2.00028,arhartur,2017,2020,4,0.95,True,True
IN.ADM2.00027,wheat,2017,2020,4,2.017766497461929,True,True
IN.ADM2.00026,wheat,2017,2020,4,2.298666666666666,True,True
IN.ADM2.00026,wheat,2014,2016,3,2.300268096514745,True,False
IN.ADM2.00027,groundnut,2017,2019,3,0.5925925925925926,True,False
IN.ADM2.00027,sesamum,2017,2019,3,1.0659630606860158,True,False
IN.ADM2.00030,groundnut,2017,2019,3,0.3948497854077253,True,False
IN.ADM2.00030,potato,2001,2003,3,8.2,False,False
IN.ADM2.00030,sesamum,2017,2019,3,0.8065268065268065,True,False
IN.ADM2.00030,soyabean,2017,2019,3,1.7571669477234402,True,False
IN.ADM2.00030,sugarcane,2001,2003,3,10.0,False,False
IN.ADM2.00563,sugarcane,2019,2021,3,80.0,False,False
IN.ADM2.00564,groundnut,1999,2001,3,1.0,False,False
IN.ADM2.00564,sesamum,2012,2014,3,0.3333333333333333,False,False
IN.ADM2.00564,sugarcane,1998,2000,3,60.0,False,False
IN.ADM2.00565,arhartur,2016,2018,3,1.0,True,False
IN.ADM2.00036,arhartur,2018,2020,3,0.8776595744680851,True,False
IN.ADM2.00050,arhartur,2006,2008,3,0.6808510638297872,True,False
IN.ADM2.00050,arhartur,2000,2002,3,0.6909090909090909,True,False
IN.ADM2.00047,cottonlint,1997,1999,3,0.0566666666666666,True,False
IN.ADM2.00046,wheat,2003,2005,3,1.0,False,False
IN.ADM2.00046,wheat,2000,2002,3,1.2,False,False
IN.ADM2.00046,cottonlint,2020,2022,3,0.085,True,False
IN.ADM2.00046,cottonlint,2007,2009,3,0.0649090909090909,True,False
IN.ADM2.00046,cottonlint,1998,2000,3,0.0642222222222222,True,False
IN.ADM2.00046,arhartur,2019,2021,3,0.509090909090909,True,False
IN.ADM2.00046,arhartur,2000,2002,3,0.6857142857142857,True,False
IN.ADM2.00045,cottonlint,2002,2004,3,0.0708333333333333,True,False
IN.ADM2.00045,cottonlint,1998,2000,3,0.0708333333333333,True,False
IN.ADM2.00557,rapeseed_mustard,1997,1999,3,1.0,False,False
IN.ADM2.00555,groundnut,2010,2012,3,1.0,False,False
IN.ADM2.00554,jowar,2020,2022,3,2.0,True,False
IN.ADM2.00276,maize,1998,2000,3,1.0,False,False
IN.ADM2.00275,rapeseed_mustard,2001,2003,3,0.5,True,False
IN.ADM2.00272,rapeseed_mustard,2009,2011,3,0.4,True,False
IN.ADM2.00272,groundnut,2006,2008,3,1.6666666666666667,True,False
IN.ADM2.00266,sesamum,2006,2008,3,1.0,True,False
IN.ADM2.00266,bajra,1997,1999,3,1.0,True,False
IN.ADM2.00262,sesamum,2005,2007,3,1.0,True,False
IN.ADM2.00297,bajra,2013,2015,3,1.0588235294117647,True,False
IN.ADM2.00293,soyabean,2018,2020,3,1.148148148148148,True,False
IN.ADM2.00293,soyabean,1997,1999,3,0.62,True,False
IN.ADM2.00291,sugarcane,2012,2014,3,1.0,False,False
IN.ADM2.00291,soyabean,1998,2000,3,0.9974358974358974,True,False
IN.ADM2.00289,soyabean,2018,2020,3,1.0334928229665072,True,False
IN.ADM2.00289,arhartur,2019,2021,3,0.992,True,False
IN.ADM2.00281,sugarcane,2015,2017,3,60.0,True,False
IN.ADM2.00279,rapeseed_mustard,2000,2002,3,0.1,True,False
IN.ADM2.00256,rice,2000,2002,3,1.0,False,False
IN.ADM2.00255,rapeseed_mustard,2002,2004,3,0.1428571428571428,True,False
IN.ADM2.00255,rapeseed_mustard,1998,2000,3,0.3333333333333333,False,False
IN.ADM2.00254,maize,2008,2010,3,2.0,False,False
IN.ADM2.00252,sesamum,2005,2007,3,0.5,True,False
IN.ADM2.00252,bajra,2010,2012,3,0.6666666666666666,True,False
IN.ADM2.00251,rapeseed_mustard,2000,2002,3,0.1,True,False
IN.ADM2.00250,ragi,2015,2017,3,1.0,True,False
IN.ADM2.00246,potato,2017,2019,3,15.0,False,False
IN.ADM2.00242,groundnut,2014,2016,3,1.0,False,False
IN.ADM2.00298,potato,2016,2018,3,10.0,True,False
IN.ADM2.00298,potato,2013,2015,3,10.013513513513514,True,False
IN.ADM2.00298,groundnut,2010,2012,3,1.0,False,False
IN.ADM2.00298,arhartur,2013,2015,3,0.896551724137931,True,False
IN.ADM2.00297,cottonlint,2020,2022,3,0.1133333333333333,True,False
IN.ADM2.00297,barley,2013,2015,3,1.0526315789473684,True,False
IN.ADM2.00222,rice,2010,2012,3,1.0,False,False
IN.ADM2.00222,potato,2017,2019,3,25.5,False,False
IN.ADM2.00219,potato,2015,2017,3,20.0,False,False
IN.ADM2.00217,potato,2010,2012,3,6.5,False,False
IN.ADM2.00217,barley,2003,2005,3,1.0,False,False
IN.ADM2.00214,jowar,2014,2016,3,1.0,True,False
IN.ADM2.00213,bajra,1999,2001,3,1.0,False,False
IN.ADM2.00208,potato,2015,2017,3,22.0,False,False
IN.ADM2.00205,soyabean,2017,2019,3,1.0,False,False
IN.ADM2.00299,wheat,2016,2018,3,1.8409090909090908,True,False
IN.ADM2.00299,sugarcane,2014,2016,3,43.549019607843135,True,False
IN.ADM2.00299,soyabean,2016,2018,3,1.257328990228013,True,False
IN.ADM2.00299,soyabean,2012,2014,3,1.2524590163934426,True,False
IN.ADM2.00299,arhartur,2012,2014,3,0.9032258064516128,True,False
IN.ADM2.00262,bajra,1997,1999,3,1.0,True,False
IN.ADM2.00258,rapeseed_mustard,2005,2007,3,1.0,True,False
IN.ADM2.00178,arhartur,2018,2020,3,1.0,False,False
IN.ADM2.00175,rapeseed_mustard,1999,2001,3,0.1486486486486486,True,False
IN.ADM2.00169,sesamum,2010,2012,3,0.5,False,False
IN.ADM2.00169,sesamum,2005,2007,3,0.5,False,False
IN.ADM2.00169,bajra,2005,2007,3,0.6,False,False
IN.ADM2.00168,wheat,2008,2010,3,3.333333333333333,True,False
IN.ADM2.00168,barley,2015,2017,3,0.35,True,False
IN.ADM2.00164,barley,2016,2018,3,0.9,False,False
IN.ADM2.00301,barley,2009,2011,3,1.625,True,False
IN.ADM2.00301,bajra,2018,2020,3,1.0526315789473684,True,False
IN.ADM2.00300,sugarcane,2010,2012,3,43.56,True,False
IN.ADM2.00300,soyabean,2016,2018,3,1.267605633802817,True,False
IN.ADM2.00300,jowar,2018,2020,3,0.8333333333333334,True,False
IN.ADM2.00300,cottonlint,2020,2022,3,0.085,True,False
IN.ADM2.00241,groundnut,2014,2016,3,1.0,False,False
IN.ADM2.00233,potato,2016,2018,3,17.5,False,False
IN.ADM2.00303,maize,2016,2018,3,1.98019801980198,True,False
IN.ADM2.00303,groundnut,2013,2015,3,1.0,True,False
IN.ADM2.00303,groundnut,2009,2011,3,1.0,True,False
IN.ADM2.00302,sugarcane,2014,2016,3,43.55769230769231,True,False
IN.ADM2.00302,sesamum,2013,2015,3,0.5476190476190477,True,False
IN.ADM2.00302,jowar,2018,2020,3,1.0,True,False
IN.ADM2.00302,jowar,2010,2012,3,1.0,False,False
IN.ADM2.00301,wheat,2016,2018,3,1.8235294117647056,True,False
IN.ADM2.00301,soyabean,2012,2014,3,1.223529411764706,True,False
IN.ADM2.00301,ragi,2018,2020,3,0.9285714285714286,True,False
IN.ADM2.00199,rapeseed_mustard,2020,2022,3,1.0,True,False
IN.ADM2.00197,sugarcane,1999,2001,3,100.0,False,False
IN.ADM2.00195,sugarcane,2002,2004,3,100.0,False,False
IN.ADM2.00194,jowar,2005,2007,3,0.5,False,False
IN.ADM2.00192,jowar,2007,2009,3,1.0,False,False
IN.ADM2.00192,jowar,2002,2004,3,0.5,True,False
IN.ADM2.00160,sugarcane,2014,2016,3,1.5,False,False
IN.ADM2.00160,groundnut,2005,2007,3,0.5,False,False
IN.ADM2.00159,ragi,2018,2020,3,0.5,False,False
IN.ADM2.00158,ragi,2018,2020,3,0.6000000000000001,True,False
IN.ADM2.00154,sugarcane,2020,2022,3,12.153846153846152,True,False
IN.ADM2.00154,soyabean,2014,2016,3,1.1176470588235294,True,False
IN.ADM2.00153,bajra,2015,2017,3,0.5,True,False
IN.ADM2.00153,arhartur,2009,2011,3,1.0,True,False
IN.ADM2.00152,soyabean,2010,2012,3,1.6666666666666667,True,False
IN.ADM2.00152,groundnut,2006,2008,3,1.0,False,False
IN.ADM2.00152,bajra,2015,2017,3,1.0,True,False
IN.ADM2.00151,arhartur,2020,2022,3,1.0,False,False
IN.ADM2.00149,soyabean,2020,2022,3,1.0,True,False
IN.ADM2.00303,sugarcane,2010,2012,3,43.54545454545455,True,False
IN.ADM2.00303,sesamum,2010,2012,3,0.6428571428571429,True,False
IN.ADM2.00303,potato,2016,2018,3,10.0,True,False
IN.ADM2.00149,ragi,2020,2022,3,1.0,False,False
IN.ADM2.00148,rice,2010,2012,3,1.5333333333333334,True,False
IN.ADM2.00147,ragi,2017,2019,3,1.0,False,False
IN.ADM2.00147,ragi,2006,2008,3,1.0,False,False
IN.ADM2.00144,sugarcane,2009,2011,3,9.666666666666666,True,False
IN.ADM2.00144,soyabean,2015,2017,3,1.625,True,False
IN.ADM2.00144,soyabean,2010,2012,3,1.5555555555555556,True,False
IN.ADM2.00142,sesamum,1999,2001,3,0.0,False,False
IN.ADM2.00328,arhartur,2003,2005,3,1.0,True,False
IN.ADM2.00325,rapeseed_mustard,2008,2010,3,1.0,True,False
IN.ADM2.00325,rapeseed_mustard,2001,2003,3,1.0,False,False
IN.ADM2.00324,barley,2011,2013,3,4.0,True,False
IN.ADM2.00321,maize,2008,2010,3,3.5,True,False
IN.ADM2.00321,cottonlint,2008,2010,3,0.68,True,False
IN.ADM2.00319,sugarcane,2020,2022,3,120.0,False,False
IN.ADM2.00319,jowar,2011,2013,3,2.0,False,False
IN.ADM2.00129,sesamum,1999,2001,3,0.0,False,False
IN.ADM2.00129,jowar,2013,2015,3,0.5,True,False
IN.ADM2.00331,sesamum,2004,2006,3,0.25,True,False
IN.ADM2.00331,rapeseed_mustard,1997,1999,3,1.0,False,False
IN.ADM2.00331,bajra,2002,2004,3,1.0,True,False
IN.ADM2.00331,arhartur,2011,2013,3,1.0,False,False
IN.ADM2.00331,arhartur,2005,2007,3,1.0,False,False
IN.ADM2.00329,rapeseed_mustard,2003,2005,3,1.5,True,False
IN.ADM2.00329,groundnut,2004,2006,3,1.0,False,False
IN.ADM2.00329,arhartur,2017,2019,3,1.0,True,False
IN.ADM2.00328,sesamum,2000,2002,3,0.5,False,False
IN.ADM2.00141,maize,1999,2001,3,0.0,False,False
IN.ADM2.00139,sugarcane,2001,2003,3,0.0,False,False
IN.ADM2.00139,sesamum,2013,2015,3,0.5,False,False
IN.ADM2.00139,arhartur,2000,2002,3,0.0,False,False
IN.ADM2.00137,arhartur,2016,2018,3,1.0,False,False
IN.ADM2.00362,maize,2002,2004,3,1.5,True,False
IN.ADM2.00361,wheat,2004,2006,3,1.0588235294117647,True,False
IN.ADM2.00361,barley,1997,1999,3,1.38,True,False
IN.ADM2.00360,soyabean,2019,2021,3,1.0019417475728156,True,False
IN.ADM2.00357,potato,2002,2004,3,3.0,False,False
IN.ADM2.00340,arhartur,2019,2021,3,1.0,False,False
IN.ADM2.00337,arhartur,2017,2019,3,1.0,False,False
IN.ADM2.00334,soyabean,2005,2007,3,1.0,False,False
IN.ADM2.00332,rapeseed_mustard,2009,2011,3,1.0,False,False
IN.ADM2.00332,rapeseed_mustard,1997,1999,3,1.0,False,False
IN.ADM2.00332,groundnut,2005,2007,3,1.0,False,False
IN.ADM2.00134,jowar,1999,2001,3,0.0,False,False
IN.ADM2.00133,jowar,2001,2003,3,0.0,False,False
IN.ADM2.00132,groundnut,1999,2001,3,0.0,False,False
IN.ADM2.00132,arhartur,2018,2020,3,1.0,False,False
IN.ADM2.00130,groundnut,1999,2001,3,0.0,False,False
IN.ADM2.00437,arhartur,1997,1999,3,0.6666666666666666,True,False
IN.ADM2.00436,barley,2020,2022,3,3.0,True,False
IN.ADM2.00421,groundnut,2010,2012,3,1.0,False,False
IN.ADM2.00417,arhartur,2013,2015,3,1.0,True,False
IN.ADM2.00416,soyabean,2016,2018,3,1.0,True,False
IN.ADM2.00414,bajra,2012,2014,3,2.0,False,False
IN.ADM2.00413,groundnut,2010,2012,3,1.0,False,False
IN.ADM2.00410,groundnut,1998,2000,3,1.0,False,False
IN.ADM2.00403,soyabean,1997,1999,3,0.5,True,False
IN.ADM2.00401,groundnut,2016,2018,3,1.0,True,False
IN.ADM2.00399,barley,2016,2018,3,3.0,False,False
IN.ADM2.00398,jowar,1997,1999,3,1.0,True,False
IN.ADM2.00391,groundnut,2017,2019,3,1.0,False,False
IN.ADM2.00388,groundnut,2010,2012,3,1.0,False,False
IN.ADM2.00364,jowar,2021,2023,3,1.0,False,False
IN.ADM2.00363,barley,2012,2014,3,0.9,False,False
IN.ADM2.00126,sesamum,1997,1999,3,1.0,True,False
IN.ADM2.00126,ragi,1999,2001,3,1.0,True,False
IN.ADM2.00124,sesamum,2013,2015,3,0.5,False,False
IN.ADM2.00124,maize,1997,1999,3,1.0,True,False
IN.ADM2.00124,groundnut,2004,2006,3,1.0,False,False
IN.ADM2.00123,sugarcane,2018,2020,3,68.0,False,False
IN.ADM2.00121,jowar,2008,2010,3,1.0,False,False
IN.ADM2.00114,arhartur,2010,2012,3,1.0,False,False
IN.ADM2.00111,rapeseed_mustard,2010,2012,3,1.6666666666666667,False,False
IN.ADM2.00111,rapeseed_mustard,1999,2001,3,1.0,False,False
IN.ADM2.00456,cottonlint,2007,2009,3,0.2125,True,False
IN.ADM2.00455,soyabean,2000,2002,3,0.6,True,False
IN.ADM2.00455,ragi,2007,2009,3,1.1987583148558758,True,False
IN.ADM2.00455,ragi,2001,2003,3,1.1519653620850667,True,False
IN.ADM2.00443,groundnut,2010,2012,3,1.0,False,False
IN.ADM2.00441,bajra,2012,2014,3,2.0,False,False
IN.ADM2.00103,jowar,2012,2014,3,0.8,False,False
IN.ADM2.00103,jowar,2007,2009,3,0.8,True,False
IN.ADM2.00102,wheat,1998,2000,3,4.5,False,False
IN.ADM2.00485,groundnut,2011,2013,3,1.0,False,False
IN.ADM2.00484,barley,2004,2006,3,1.0,False,False
IN.ADM2.00482,jowar,2008,2010,3,1.0,True,False
IN.ADM2.00482,groundnut,2011,2013,3,1.0,False,False
IN.ADM2.00471,sesamum,2020,2022,3,0.9090909090909092,True,False
IN.ADM2.00470,sesamum,2018,2020,3,0.9166666666666666,True,False
IN.ADM2.00470,bajra,2007,2009,3,1.0,True,False
IN.ADM2.00468,ragi,2020,2022,3,2.2,False,False
IN.ADM2.00465,cottonlint,2007,2009,3,0.612,True,False
IN.ADM2.00462,jowar,1997,1999,3,0.4495726495726496,True,False
IN.ADM2.00462,bajra,1997,1999,3,0.2,True,False
IN.ADM2.00461,jowar,2000,2002,3,1.0,False,False
IN.ADM2.00460,groundnut,2000,2002,3,0.9722222222222222,True,False
IN.ADM2.00075,ragi,1997,1999,3,1.0,True,False
IN.ADM2.00073,jowar,2017,2019,3,0.6,False,False
IN.ADM2.00069,jowar,2004,2006,3,1.0,False,False
IN.ADM2.00059,maize,2007,2009,3,0.6,False,False
IN.ADM2.00499,bajra,1999,2001,3,0.0,False,False
IN.ADM2.00498,maize,2015,2017,3,3.0,False,False
IN.ADM2.00498,bajra,2018,2020,3,2.0,False,False
IN.ADM2.00495,potato,2012,2014,3,2.0,False,False
IN.ADM2.00491,potato,2011,2013,3,5.0,False,False
IN.ADM2.00109,arhartur,2010,2012,3,1.0,False,False
IN.ADM2.00103,wheat,2011,2013,3,2.0,False,False
IN.ADM2.00103,wheat,2002,2004,3,1.96,True,False
IN.ADM2.00103,sugarcane,2010,2012,3,80.0,False,False
IN.ADM2.00103,sugarcane,2004,2006,3,80.0,False,False
IN.ADM2.00103,sesamum,2010,2012,3,1.0,True,False
IN.ADM2.00103,rapeseed_mustard,2004,2006,3,1.0,False,False
IN.ADM2.00050,maize,2001,2003,3,0.5833333333333334,True,False
IN.ADM2.00050,maize,1997,1999,3,0.6,False,False
IN.ADM2.00050,arhartur,2019,2021,3,0.9076923076923076,True,False
IN.ADM2.00503,sugarcane,2008,2010,3,3.0,False,False
IN.ADM2.00503,sugarcane,2005,2007,3,3.1666666666666665,True,False
IN.ADM2.00503,rapeseed_mustard,2018,2020,3,0.8737201365187713,True,False
IN.ADM2.00503,potato,2017,2019,3,7.236111111111111,True,False
IN.ADM2.00503,potato,1998,2000,3,7.8125,True,False
IN.ADM2.00501,rapeseed_mustard,2018,2020,3,0.7272727272727273,True,False
IN.ADM2.00500,sesamum,2018,2020,3,1.475,True,False
IN.ADM2.00092,sesamum,2019,2021,3,1.0,False,False
IN.ADM2.00092,sesamum,2012,2014,3,1.0,False,False
IN.ADM2.00092,groundnut,2003,2005,3,0.5,False,False
IN.ADM2.00091,ragi,2020,2022,3,1.0,False,False
IN.ADM2.00089,jowar,2017,2019,3,1.1111111111111112,True,False
IN.ADM2.00084,groundnut,2020,2022,3,1.0,False,False
IN.ADM2.00512,cottonlint,2007,2009,3,0.68,True,False
IN.ADM2.00512,cottonlint,2000,2002,3,0.34,True,False
IN.ADM2.00511,barley,2018,2020,3,3.6666666666666665,True,False
IN.ADM2.00510,sugarcane,2020,2022,3,80.0,True,False
IN.ADM2.00510,sesamum,2003,2005,3,0.5,True,False
IN.ADM2.00510,rapeseed_mustard,2009,2011,3,1.5,True,False
IN.ADM2.00510,groundnut,2005,2007,3,1.0,True,False
IN.ADM2.00510,groundnut,1997,1999,3,1.0,True,False
IN.ADM2.00510,barley,2019,2021,3,3.333333333333333,True,False
IN.ADM2.00056,sesamum,2020,2022,3,0.6297029702970297,True,False
IN.ADM2.00056,maize,2006,2008,3,0.75,False,False
IN.ADM2.00056,arhartur,2004,2006,3,0.72,True,False
IN.ADM2.00054,cottonlint,2020,2022,3,0.085,True,False
IN.ADM2.00052,maize,2008,2010,3,0.6,False,False
IN.ADM2.00050,wheat,2020,2022,3,1.3333333333333333,True,False
IN.ADM2.00050,sesamum,2008,2010,3,0.4166666666666667,True,False
IN.ADM2.00552,maize,1999,2001,3,1.0,False,False
IN.ADM2.00547,bajra,2001,2003,3,0.3333333333333333,False,False
IN.ADM2.00544,sesamum,2015,2017,3,0.8636363636363636,True,False
IN.ADM2.00538,wheat,2020,2022,3,2.5,False,False
IN.ADM2.00538,arhartur,2020,2022,3,1.2,False,False
IN.ADM2.00536,sesamum,2017,2019,3,0.2558139534883721,True,False
IN.ADM2.00536,potato,2005,2007,3,5.0,False,False
IN.ADM2.00519,arhartur,2001,2003,3,1.0,False,False
IN.ADM2.00513,rapeseed_mustard,2005,2007,3,1.0,True,False
IN.ADM2.00513,rapeseed_mustard,2001,2003,3,1.0,False,False
IN.ADM2.00513,rapeseed_mustard,1997,1999,3,1.0,True,False
IN.ADM2.00513,maize,2018,2020,3,3.6666666666666665,True,False
IN.ADM2.00513,barley,2000,2002,3,3.0,True,False
IN.ADM2.00512,rapeseed_mustard,1997,1999,3,1.0,False,False
IN.ADM2.00512,maize,2008,2010,3,3.0,False,False
IN.ADM2.00512,cottonlint,2010,2012,3,0.51,True,False
IN.ADM2.00565,rapeseed_mustard,2002,2004,3,1.0,False,False
IN.ADM2.00571,bajra,2004,2006,3,1.5,True,False
IN.ADM2.00563,barley,2002,2004,3,3.333333333333333,True,False
IN.ADM2.00562,rapeseed_mustard,1997,1999,3,1.0,True,False
IN.ADM2.00562,arhartur,2015,2017,3,1.0,False,False
IN.ADM2.00562,arhartur,1997,1999,3,0.6666666666666666,False,False
IN.ADM2.00561,sesamum,2002,2004,3,0.0,True,False
IN.ADM2.00561,rapeseed_mustard,2004,2006,3,1.0,True,False
IN.ADM2.00561,arhartur,1999,2001,3,1.0,True,False
IN.ADM2.00044,cottonlint,1997,1999,3,0.0566666666666666,False,False
IN.ADM2.00044,arhartur,2007,2009,3,0.832967032967033,True,False
IN.ADM2.00043,cottonlint,2002,2004,3,0.085,True,False
IN.ADM2.00043,cottonlint,1998,2000,3,0.0736666666666666,True,False
IN.ADM2.00041,cottonlint,2006,2008,3,0.085,False,False
IN.ADM2.00041,cottonlint,2000,2002,3,0.06375,True,False
IN.ADM2.00041,arhartur,2002,2004,3,0.7666666666666667,True,False
IN.ADM2.00279,maize,2013,2015,3,1.0,False,False
IN.ADM2.00279,bajra,1997,1999,3,1.0,True,False
IN.ADM2.00278,wheat,1998,2000,3,1.0,True,False
IN.ADM2.00278,groundnut,2005,2007,3,1.2,True,False
IN.ADM2.00277,sesamum,2011,2013,3,0.3333333333333333,True,False
IN.ADM2.00277,rice,2012,2014,3,0.25,True,False
IN.ADM2.00277,rice,2004,2006,3,0.25,True,False
IN.ADM2.00285,wheat,2015,2017,3,2.4814814814814814,True,False
IN.ADM2.00285,soyabean,2003,2005,3,1.0,False,False
IN.ADM2.00285,potato,2015,2017,3,8.677685950413224,True,False
IN.ADM2.00284,sugarcane,2015,2017,3,61.557046979865774,True,False
IN.ADM2.00283,wheat,2015,2017,3,2.4565217391304346,True,False
IN.ADM2.00283,arhartur,2015,2017,3,1.0769230769230769,True,False
IN.ADM2.00570,wheat,2020,2022,3,2.0,True,False
IN.ADM2.00567,ragi,2006,2008,3,3.0,False,False
IN.ADM2.00565,sesamum,2006,2008,3,0.5,True,False
