stable_id,crop,n_years,series_mean,n_anomalous_years,eligible
TH.ADM1.00001,rice,44,3.5922313387643716,1,True
TH.ADM1.00001,soybeans,6,1.0171788330394327,0,True
TH.ADM1.00002,rice,44,3.4906259256376204,1,True
TH.ADM1.00003,rice,44,3.699500931589581,2,True
TH.ADM1.00004,rice,44,2.0076039100494345,1,True
TH.ADM1.00004,soybeans,4,,0,False
TH.ADM1.00005,rice,44,3.4986184698931044,1,True
TH.ADM1.00005,soybeans,29,1.5909088667133813,0,True
TH.ADM1.00006,rice,44,3.7310162291934756,1,True
TH.ADM1.00006,soybeans,14,1.0855112856539413,0,True
TH.ADM1.00007,rice,44,2.0774884420793267,1,True
TH.ADM1.00007,soybeans,39,1.4054950419575236,3,True
TH.ADM1.00008,rice,43,2.1028060194689244,3,True
TH.ADM1.00008,soybeans,25,1.4825262091215807,0,True
TH.ADM1.00009,rice,44,3.653452740817225,2,True
TH.ADM1.00009,soybeans,40,1.5801278319582504,1,True
TH.ADM1.00010,rice,44,3.3920933572576244,1,True
TH.ADM1.00010,soybeans,39,1.3103908595326743,3,True
TH.ADM1.00011,rice,44,2.57816939021123,1,True
TH.ADM1.00012,rice,44,2.19215552430192,0,True
TH.ADM1.00012,soybeans,4,,0,False
TH.ADM1.00013,rice,44,2.2949331619241935,1,True
TH.ADM1.00013,soybeans,29,1.2552731566565727,2,True
TH.ADM1.00014,rice,44,3.2547399758635422,1,True
TH.ADM1.00014,soybeans,40,1.4560644450806162,1,True
TH.ADM1.00015,rice,44,3.3030262018314533,1,True
TH.ADM1.00015,soybeans,39,1.5206280737995177,1,True
TH.ADM1.00016,rice,44,1.9844383550130806,2,True
TH.ADM1.00016,soybeans,40,1.4146760385075543,1,True
TH.ADM1.00017,rice,44,1.9354886610603386,2,True
TH.ADM1.00018,rice,44,3.067237647880336,3,True
TH.ADM1.00018,soybeans,40,1.3193428181226095,1,True
TH.ADM1.00019,rice,44,3.4355342143978147,2,True
TH.ADM1.00019,soybeans,38,1.5573421214247347,1,True
TH.ADM1.00020,rice,44,2.4546780030982056,2,True
TH.ADM1.00020,soybeans,40,1.4709165624169234,2,True
TH.ADM1.00021,rice,44,3.0882905099788673,0,True
TH.ADM1.00021,soybeans,22,1.5393066577586927,0,True
TH.ADM1.00022,rice,44,2.787414867095293,2,True
TH.ADM1.00022,soybeans,40,1.672228610262185,1,True
TH.ADM1.00023,rice,44,2.0541552096627975,1,True
TH.ADM1.00023,soybeans,22,1.1677991642659857,1,True
TH.ADM1.00024,rice,44,2.9519931894549347,0,True
TH.ADM1.00025,rice,44,4.191674258934913,4,True
TH.ADM1.00026,rice,44,1.9350228849630762,1,True
TH.ADM1.00026,soybeans,6,0.9873809138078937,0,True
TH.ADM1.00027,rice,44,1.990891215381253,1,True
TH.ADM1.00027,soybeans,19,1.3433122118577736,0,True
TH.ADM1.00028,rice,44,3.0593717499263207,0,True
TH.ADM1.00028,soybeans,26,1.5231978896564469,1,True
TH.ADM1.00029,rice,44,2.362866365194765,0,True
TH.ADM1.00030,rice,44,2.995240567230761,2,True
TH.ADM1.00030,soybeans,39,1.4778066226844613,1,True
TH.ADM1.00031,rice,43,2.2517773714704976,3,True
TH.ADM1.00032,rice,44,1.979429958908326,1,True
TH.ADM1.00032,soybeans,23,1.293558658767962,1,True
TH.ADM1.00033,rice,44,4.374957688460467,4,True
TH.ADM1.00034,rice,44,2.2848595107197465,3,True
TH.ADM1.00035,rice,43,1.9133101302758058,1,True
TH.ADM1.00036,rice,44,2.618196369852828,2,True
TH.ADM1.00037,rice,44,3.085868197652563,1,True
TH.ADM1.00037,soybeans,34,1.4381834495189165,0,True
TH.ADM1.00038,rice,44,3.1612100034175112,3,True
TH.ADM1.00038,soybeans,34,1.4776834461511037,1,True
TH.ADM1.00039,rice,44,3.4835750173995934,1,True
TH.ADM1.00039,soybeans,13,1.1632716861716266,0,True
TH.ADM1.00040,rice,44,3.3383330893237524,1,True
TH.ADM1.00040,soybeans,34,1.4272255124730764,3,True
TH.ADM1.00041,rice,44,3.3349782834472648,2,True
TH.ADM1.00041,soybeans,39,1.427959703004467,2,True
TH.ADM1.00042,rice,44,3.453458330437479,2,True
TH.ADM1.00042,soybeans,39,1.3476714600605764,1,True
TH.ADM1.00043,rice,43,2.421167225533418,0,True
TH.ADM1.00044,rice,44,2.15232164530244,2,True
TH.ADM1.00044,soybeans,30,1.6637737259093182,1,True
TH.ADM1.00045,rice,44,2.681868224484237,0,True
TH.ADM1.00045,soybeans,8,1.1905925765811842,1,True
TH.ADM1.00046,rice,44,4.081268392664,4,True
TH.ADM1.00047,rice,43,1.8828007495628738,1,True
TH.ADM1.00048,rice,44,3.5817221235711956,0,True
TH.ADM1.00048,soybeans,6,1.142137130250467,0,True
TH.ADM1.00049,rice,44,2.569968671022464,0,True
TH.ADM1.00050,rice,44,2.0124783285153844,2,True
TH.ADM1.00050,soybeans,20,1.3096922913473943,2,True
TH.ADM1.00051,rice,44,1.895424047318923,2,True
TH.ADM1.00051,soybeans,17,1.1837202225943464,1,True
TH.ADM1.00052,rice,44,4.134440479003123,1,True
TH.ADM1.00053,rice,44,3.7274462418474994,2,True
TH.ADM1.00054,rice,44,3.7107310620567446,2,True
TH.ADM1.00055,rice,44,3.248171680877356,1,True
TH.ADM1.00055,soybeans,25,1.6397834454032616,0,True
TH.ADM1.00056,rice,43,2.2315384413626087,2,True
TH.ADM1.00057,rice,44,2.0382031698069123,2,True
TH.ADM1.00057,soybeans,14,0.8775163477616775,0,True
TH.ADM1.00058,rice,44,3.932979759667702,1,True
TH.ADM1.00058,soybeans,7,0.9888628321866063,1,True
TH.ADM1.00059,rice,44,2.6465339417545177,0,True
TH.ADM1.00060,rice,44,2.98262717007711,0,True
TH.ADM1.00060,soybeans,40,1.4630995169702294,2,True
TH.ADM1.00061,rice,44,4.058428581820437,3,True
TH.ADM1.00061,soybeans,12,1.0797661037394934,0,True
TH.ADM1.00062,rice,44,2.2497884876901173,0,True
TH.ADM1.00063,rice,44,2.0604735681621182,0,True
TH.ADM1.00063,soybeans,3,,0,False
TH.ADM1.00064,rice,44,2.698560674134893,3,True
TH.ADM1.00064,soybeans,40,1.3965177249834198,1,True
TH.ADM1.00065,rice,44,2.1278212763816637,1,True
TH.ADM1.00066,rice,44,2.3336210846555545,1,True
TH.ADM1.00067,rice,44,1.822738950551681,1,True
TH.ADM1.00067,soybeans,3,,0,False
TH.ADM1.00068,rice,44,1.93690515264268,2,True
TH.ADM1.00068,soybeans,40,1.3519245880836859,2,True
TH.ADM1.00069,rice,44,2.9691767116377634,0,True
TH.ADM1.00069,soybeans,25,1.4481979968551226,2,True
TH.ADM1.00070,rice,44,3.4580074429773004,0,True
TH.ADM1.00070,soybeans,40,1.353542846678752,3,True
TH.ADM1.00071,rice,43,2.047256282785719,3,True
TH.ADM1.00072,rice,44,1.9295913115031937,1,True
TH.ADM1.00072,soybeans,2,,0,False
