year,n_eligible_pairs,n_high,n_low,n_total,fraction_high,fraction_low,fraction_total
1980,35,0,11,11,0.0,0.3142857142857143,0.3142857142857143
1981,35,0,9,9,0.0,0.2571428571428571,0.2571428571428571
1982,35,0,0,0,0.0,0.0,0.0
1983,35,0,1,1,0.0,0.02857142857142857,0.02857142857142857
1984,35,0,1,1,0.0,0.02857142857142857,0.02857142857142857
1985,20,0,0,0,0.0,0.0,0.0
1986,20,0,1,1,0.0,0.05,0.05
1987,20,0,0,0,0.0,0.0,0.0
1988,20,0,0,0,0.0,0.0,0.0
1989,23,0,0,0,0.0,0.0,0.0
1990,23,0,0,0,0.0,0.0,0.0
1991,31,0,0,0,0.0,0.0,0.0
1992,31,0,0,0,0.0,0.0,0.0
1993,31,0,0,0,0.0,0.0,0.0
1994,31,0,0,0,0.0,0.0,0.0
1995,32,0,0,0,0.0,0.0,0.0
1996,38,0,1,1,0.0,0.02631578947368421,0.02631578947368421
1997,38,0,1,1,0.0,0.02631578947368421,0.02631578947368421
1998,38,0,1,1,0.0,0.02631578947368421,0.02631578947368421
1999,38,0,0,0,0.0,0.0,0.0
2000,38,0,0,0,0.0,0.0,0.0
2001,38,0,0,0,0.0,0.0,0.0
2002,38,0,0,0,0.0,0.0,0.0
2003,38,0,0,0,0.0,0.0,0.0
2004,38,0,0,0,0.0,0.0,0.0
2005,38,0,0,0,0.0,0.0,0.0
2006,38,0,0,0,0.0,0.0,0.0
2007,38,0,0,0,0.0,0.0,0.0
2008,38,0,0,0,0.0,0.0,0.0
2009,38,0,0,0,0.0,0.0,0.0
2010,38,0,0,0,0.0,0.0,0.0
2011,38,0,0,0,0.0,0.0,0.0
2012,38,0,0,0,0.0,0.0,0.0
2013,38,0,0,0,0.0,0.0,0.0
2014,38,0,0,0,0.0,0.0,0.0
2015,38,0,0,0,0.0,0.0,0.0
2016,38,0,1,1,0.0,0.02631578947368421,0.02631578947368421
2017,38,0,0,0,0.0,0.0,0.0
2018,38,0,0,0,0.0,0.0,0.0
2019,38,0,0,0,0.0,0.0,0.0
2020,38,0,0,0,0.0,0.0,0.0
2021,38,0,0,0,0.0,0.0,0.0
2022,38,1,0,1,0.02631578947368421,0.0,0.02631578947368421
2023,38,2,0,2,0.05263157894736842,0.0,0.05263157894736842
