stable_id,crop,season,scenario,n_years,r,r_squared,p_value
BD.ADM2.00001,rice_paddy,Aus,full,16,-0.3173450655835133,0.10070789065020434,0.23104160768859514
BD.ADM2.00001,rice_paddy,Aus,cleaned,16,-0.3173450655835133,0.10070789065020434,0.23104160768859514
BD.ADM2.00002,rice_paddy,Aus,full,16,0.021937496311695073,0.00048125374442563497,0.9357275988107048
BD.ADM2.00002,rice_paddy,Aus,cleaned,16,0.021937496311695073,0.00048125374442563497,0.9357275988107048
BD.ADM2.00003,rice_paddy,Aus,full,16,-0.13768625322389716,0.018957504326835132,0.6111007228063424
BD.ADM2.00003,rice_paddy,Aus,cleaned,16,-0.13768625322389716,0.018957504326835132,0.6111007228063424
BD.ADM2.00004,rice_paddy,Aus,full,16,-0.017455357308765213,0.0003046894987766631,0.948841298928036
BD.ADM2.00004,rice_paddy,Aus,cleaned,16,-0.017455357308765213,0.0003046894987766631,0.948841298928036
BD.ADM2.00005,rice_paddy,Aus,full,16,0.03324116205933629,0.0011049748550550585,0.9027314739749508
BD.ADM2.00005,rice_paddy,Aus,cleaned,16,0.03324116205933629,0.0011049748550550585,0.9027314739749508
BD.ADM2.00006,rice_paddy,Aus,full,16,0.23912467676535248,0.05718061103813431,0.3724196954340284
BD.ADM2.00006,rice_paddy,Aus,cleaned,16,0.23912467676535248,0.05718061103813431,0.3724196954340284
BD.ADM2.00007,rice_paddy,Aus,full,16,0.0783189119297264,0.00613385196585624,0.7731124779259642
BD.ADM2.00007,rice_paddy,Aus,cleaned,16,0.0783189119297264,0.00613385196585624,0.7731124779259642
BD.ADM2.00008,rice_paddy,Aus,full,16,0.0017751250386283945,3.1510689027654593e-06,0.994794270609033
BD.ADM2.00008,rice_paddy,Aus,cleaned,16,0.0017751250386283945,3.1510689027654593e-06,0.994794270609033
BD.ADM2.00009,rice_paddy,Aus,full,16,-0.24838834758526285,0.06169677121613735,0.35360863466074344
BD.ADM2.00009,rice_paddy,Aus,cleaned,16,-0.24838834758526285,0.06169677121613735,0.35360863466074344
BD.ADM2.00010,rice_paddy,Aus,full,16,-0.1437143257014731,0.020653807411829095,0.5954214931893609
BD.ADM2.00010,rice_paddy,Aus,cleaned,16,-0.1437143257014731,0.020653807411829095,0.5954214931893609
BD.ADM2.00011,rice_paddy,Aus,full,16,-0.3447577871926523,0.11885793182997414,0.19097568071398308
BD.ADM2.00011,rice_paddy,Aus,cleaned,16,-0.3447577871926523,0.11885793182997414,0.19097568071398308
BD.ADM2.00012,rice_paddy,Aus,full,16,-0.024188606424667823,0.0005850886807674814,0.9291470118588527
BD.ADM2.00012,rice_paddy,Aus,cleaned,16,-0.024188606424667823,0.0005850886807674814,0.9291470118588527
BD.ADM2.00013,rice_paddy,Aus,full,16,-0.2863526217824535,0.08199782400168487,0.2822772120309614
BD.ADM2.00013,rice_paddy,Aus,cleaned,16,-0.2863526217824535,0.08199782400168487,0.2822772120309614
BD.ADM2.00014,rice_paddy,Aus,full,16,0.3299395734919846,0.10886012215607271,0.21202532879990202
BD.ADM2.00014,rice_paddy,Aus,cleaned,16,0.3299395734919846,0.10886012215607271,0.21202532879990202
BD.ADM2.00015,rice_paddy,Aus,full,16,-0.12094773112852217,0.014628353665137291,0.6554592099260833
BD.ADM2.00015,rice_paddy,Aus,cleaned,16,-0.12094773112852217,0.014628353665137291,0.6554592099260833
BD.ADM2.00016,rice_paddy,Aus,full,16,-0.06291246550485777,0.003957978315899918,0.8169536637149537
BD.ADM2.00016,rice_paddy,Aus,cleaned,16,-0.06291246550485777,0.003957978315899918,0.8169536637149537
BD.ADM2.00017,rice_paddy,Aus,full,16,0.020320355549520365,0.00041291684965892307,0.9404573585264873
BD.ADM2.00017,rice_paddy,Aus,cleaned,16,0.020320355549520365,0.00041291684965892307,0.9404573585264873
BD.ADM2.00018,rice_paddy,Aus,full,16,-0.0913535401974715,0.00834546930661104,0.7365110896810609
BD.ADM2.00018,rice_paddy,Aus,cleaned,16,-0.0913535401974715,0.00834546930661104,0.7365110896810609
BD.ADM2.00019,rice_paddy,Aus,full,16,0.09146388965398099,0.00836564311063561,0.7362033656047074
BD.ADM2.00019,rice_paddy,Aus,cleaned,16,0.09146388965398099,0.00836564311063561,0.7362033656047074
BD.ADM2.00086,rice_paddy,Aus,full,16,-0.19612401208529717,0.038464628116433794,0.4666282915672386
BD.ADM2.00086,rice_paddy,Aus,cleaned,16,-0.19612401208529717,0.038464628116433794,0.4666282915672386
BD.ADM2.00001,rice_paddy,Aman,full,16,0.1220867683156243,0.014905178997752927,0.6524040903638818
BD.ADM2.00001,rice_paddy,Aman,cleaned,16,0.1220867683156243,0.014905178997752927,0.6524040903638818
BD.ADM2.00002,rice_paddy,Aman,full,16,-0.157432783429307,0.02478508129829908,0.5603649132110666
BD.ADM2.00002,rice_paddy,Aman,cleaned,16,-0.157432783429307,0.02478508129829908,0.5603649132110666
BD.ADM2.00003,rice_paddy,Aman,full,16,0.4150956617215677,0.17230440838006617,0.10986143823433688
BD.ADM2.00003,rice_paddy,Aman,cleaned,16,0.4150956617215677,0.17230440838006617,0.10986143823433688
BD.ADM2.00004,rice_paddy,Aman,full,16,0.12417355439721117,0.015419071611637162,0.6468203678374262
BD.ADM2.00004,rice_paddy,Aman,cleaned,16,0.12417355439721117,0.015419071611637162,0.6468203678374262
BD.ADM2.00005,rice_paddy,Aman,full,16,0.14159361938555753,0.020048753050702136,0.6009189314138403
BD.ADM2.00005,rice_paddy,Aman,cleaned,16,0.14159361938555753,0.020048753050702136,0.6009189314138403
BD.ADM2.00006,rice_paddy,Aman,full,16,-0.20289788297491568,0.04116755091570258,0.45105989476761593
BD.ADM2.00006,rice_paddy,Aman,cleaned,16,-0.20289788297491568,0.04116755091570258,0.45105989476761593
BD.ADM2.00007,rice_paddy,Aman,full,16,0.05798254944766031,0.003361976040450373,0.8310969764804211
BD.ADM2.00007,rice_paddy,Aman,cleaned,16,0.05798254944766031,0.003361976040450373,0.8310969764804211
BD.ADM2.00008,rice_paddy,Aman,full,16,0.17320405228448815,0.029999643727767707,0.5212020232749438
BD.ADM2.00008,rice_paddy,Aman,cleaned,16,0.17320405228448815,0.029999643727767707,0.5212020232749438
BD.ADM2.00009,rice_paddy,Aman,full,16,-0.4435885288156864,0.19677078289686503,0.08523873470202833
BD.ADM2.00009,rice_paddy,Aman,cleaned,16,-0.4435885288156864,0.19677078289686503,0.08523873470202833
BD.ADM2.00010,rice_paddy,Aman,full,16,0.3077713722312607,0.09472321756511325,0.24619338959899167
BD.ADM2.00010,rice_paddy,Aman,cleaned,16,0.3077713722312607,0.09472321756511325,0.24619338959899167
BD.ADM2.00011,rice_paddy,Aman,full,16,-0.5443092904817013,0.29627260370469305,0.029268015213832484
BD.ADM2.00011,rice_paddy,Aman,cleaned,16,-0.5443092904817013,0.29627260370469305,0.029268015213832484
BD.ADM2.00012,rice_paddy,Aman,full,16,0.0037906489724282497,1.4369019632171345e-05,0.9888837971318474
BD.ADM2.00012,rice_paddy,Aman,cleaned,16,0.0037906489724282497,1.4369019632171345e-05,0.9888837971318474
BD.ADM2.00013,rice_paddy,Aman,full,16,-0.21699031948920097,0.04708479875202551,0.4195275758414617
BD.ADM2.00013,rice_paddy,Aman,cleaned,16,-0.21699031948920097,0.04708479875202551,0.4195275758414617
BD.ADM2.00014,rice_paddy,Aman,full,16,0.12839763090880313,0.016485951622993236,0.6355719353076195
BD.ADM2.00014,rice_paddy,Aman,cleaned,16,0.12839763090880313,0.016485951622993236,0.6355719353076195
BD.ADM2.00015,rice_paddy,Aman,full,16,0.01057961278305198,0.00011192820663931685,0.9689809899082237
BD.ADM2.00015,rice_paddy,Aman,cleaned,16,0.01057961278305198,0.00011192820663931685,0.9689809899082237
BD.ADM2.00016,rice_paddy,Aman,full,16,0.3876292215292234,0.15025641338335177,0.13794963935264726
BD.ADM2.00016,rice_paddy,Aman,cleaned,16,0.3876292215292234,0.15025641338335177,0.13794963935264726
BD.ADM2.00017,rice_paddy,Aman,full,16,0.1613997469522373,0.026049878316246233,0.55039633510405
BD.ADM2.00017,rice_paddy,Aman,cleaned,16,0.1613997469522373,0.026049878316246233,0.55039633510405
BD.ADM2.00018,rice_paddy,Aman,full,16,-0.2962823441003914,0.08778322742562274,0.2651731493679963
BD.ADM2.00018,rice_paddy,Aman,cleaned,16,-0.2962823441003914,0.08778322742562274,0.2651731493679963
BD.ADM2.00019,rice_paddy,Aman,full,16,-0.42872341252931756,0.18380376445078342,0.09753199792654738
BD.ADM2.00019,rice_paddy,Aman,cleaned,16,-0.42872341252931756,0.18380376445078342,0.09753199792654738
BD.ADM2.00086,rice_paddy,Aman,full,16,0.07054887090208642,0.004977143185559256,0.795151336376418
BD.ADM2.00086,rice_paddy,Aman,cleaned,16,0.07054887090208642,0.004977143185559256,0.795151336376418
BD.ADM2.00001,rice_paddy,Boro,full,17,-0.3734744759505172,0.13948318418651345,0.1397735919056793
BD.ADM2.00001,rice_paddy,Boro,cleaned,17,-0.3734744759505172,0.13948318418651345,0.1397735919056793
BD.ADM2.00002,rice_paddy,Boro,full,17,0.23472985000914354,0.05509810248531502,0.36448048898674457
BD.ADM2.00002,rice_paddy,Boro,cleaned,17,0.23472985000914354,0.05509810248531502,0.36448048898674457
BD.ADM2.00003,rice_paddy,Boro,full,17,-0.42609504605300574,0.18155698827091307,0.0881145190156034
BD.ADM2.00003,rice_paddy,Boro,cleaned,17,-0.42609504605300574,0.18155698827091307,0.0881145190156034
BD.ADM2.00004,rice_paddy,Boro,full,17,0.02748907981610714,0.0007556495091363089,0.9165930490308052
BD.ADM2.00004,rice_paddy,Boro,cleaned,17,0.02748907981610714,0.0007556495091363089,0.9165930490308052
BD.ADM2.00005,rice_paddy,Boro,full,17,-0.35619061261694634,0.12687175251643554,0.1605341433682915
BD.ADM2.00005,rice_paddy,Boro,cleaned,17,-0.35619061261694634,0.12687175251643554,0.1605341433682915
BD.ADM2.00006,rice_paddy,Boro,full,17,-0.23930306270571874,0.05726595582033716,0.35493580405149633
BD.ADM2.00006,rice_paddy,Boro,cleaned,17,-0.23930306270571874,0.05726595582033716,0.35493580405149633
BD.ADM2.00007,rice_paddy,Boro,full,17,0.28791200072711104,0.082893320162688,0.26245488315808113
BD.ADM2.00007,rice_paddy,Boro,cleaned,17,0.28791200072711104,0.082893320162688,0.26245488315808113
BD.ADM2.00008,rice_paddy,Boro,full,17,0.08753256368562365,0.00766194970537776,0.7383358890266389
BD.ADM2.00008,rice_paddy,Boro,cleaned,17,0.08753256368562365,0.00766194970537776,0.7383358890266389
BD.ADM2.00009,rice_paddy,Boro,full,17,-0.005636988777821095,3.177564248128096e-05,0.9828694994213547
BD.ADM2.00009,rice_paddy,Boro,cleaned,17,-0.005636988777821095,3.177564248128096e-05,0.9828694994213547
BD.ADM2.00010,rice_paddy,Boro,full,17,-0.1474892051053427,0.021753065622605844,0.5721430516042804
BD.ADM2.00010,rice_paddy,Boro,cleaned,17,-0.1474892051053427,0.021753065622605844,0.5721430516042804
BD.ADM2.00011,rice_paddy,Boro,full,17,-0.03571058386652079,0.001275245800087815,0.8917692589977452
BD.ADM2.00011,rice_paddy,Boro,cleaned,17,-0.03571058386652079,0.001275245800087815,0.8917692589977452
BD.ADM2.00012,rice_paddy,Boro,full,17,0.4035086379542136,0.16281922090366463,0.10824142113690353
BD.ADM2.00012,rice_paddy,Boro,cleaned,17,0.4035086379542136,0.16281922090366463,0.10824142113690353
BD.ADM2.00013,rice_paddy,Boro,full,17,-0.08853971159804905,0.0078392805298657,0.7354259627188007
BD.ADM2.00013,rice_paddy,Boro,cleaned,17,-0.08853971159804905,0.0078392805298657,0.7354259627188007
BD.ADM2.00014,rice_paddy,Boro,full,17,0.2012424572420316,0.04049852659681092,0.4386248811672814
BD.ADM2.00014,rice_paddy,Boro,cleaned,17,0.2012424572420316,0.04049852659681092,0.4386248811672814
BD.ADM2.00015,rice_paddy,Boro,full,17,-0.33911934033821983,0.11500192699142937,0.18299483278018694
BD.ADM2.00015,rice_paddy,Boro,cleaned,17,-0.33911934033821983,0.11500192699142937,0.18299483278018694
BD.ADM2.00016,rice_paddy,Boro,full,17,0.3170597944708812,0.10052691326991742,0.2149759132049927
BD.ADM2.00016,rice_paddy,Boro,cleaned,17,0.3170597944708812,0.10052691326991742,0.2149759132049927
BD.ADM2.00017,rice_paddy,Boro,full,17,-0.10073526067641939,0.010147592743546166,0.7004696422535343
BD.ADM2.00017,rice_paddy,Boro,cleaned,17,-0.10073526067641939,0.010147592743546166,0.7004696422535343
BD.ADM2.00018,rice_paddy,Boro,full,17,0.0680037898900769,0.004624515439413725,0.7953810795054439
BD.ADM2.00018,rice_paddy,Boro,cleaned,17,0.0680037898900769,0.004624515439413725,0.7953810795054439
BD.ADM2.00019,rice_paddy,Boro,full,17,0.41444698838043054,0.1717663061776087,0.09812452964076347
BD.ADM2.00019,rice_paddy,Boro,cleaned,17,0.41444698838043054,0.1717663061776087,0.09812452964076347
BD.ADM2.00086,rice_paddy,Boro,full,16,-0.3312878311686157,0.10975162708040523,0.2100510829444493
BD.ADM2.00086,rice_paddy,Boro,cleaned,16,-0.3312878311686157,0.10975162708040523,0.2100510829444493
BD.ADM2.00001,wheat_grain,Annual,full,17,0.3078395670019119,0.09476519901192461,0.2293478435130656
BD.ADM2.00001,wheat_grain,Annual,cleaned,17,0.3078395670019119,0.09476519901192461,0.2293478435130656
BD.ADM2.00005,wheat_grain,Annual,full,17,0.3476193346406594,0.12083920181601475,0.17156504109978887
BD.ADM2.00005,wheat_grain,Annual,cleaned,17,0.3476193346406594,0.12083920181601475,0.17156504109978887
BD.ADM2.00006,wheat_grain,Annual,full,17,0.34344111663270194,0.11795180059391717,0.17712198497693243
BD.ADM2.00006,wheat_grain,Annual,cleaned,17,0.34344111663270194,0.11795180059391717,0.17712198497693243
BD.ADM2.00007,wheat_grain,Annual,full,17,-0.10197570909132798,0.010399045244679153,0.6969444600211849
BD.ADM2.00007,wheat_grain,Annual,cleaned,16,0.0077084624159250575,5.9420392817729174e-05,0.9773967169015829
BD.ADM2.00008,wheat_grain,Annual,full,17,0.14323331418847615,0.020515782293414723,0.5834008346115794
BD.ADM2.00008,wheat_grain,Annual,cleaned,17,0.14323331418847615,0.020515782293414723,0.5834008346115794
BD.ADM2.00009,wheat_grain,Annual,full,17,0.2105060022971989,0.04431277700314831,0.41737959143366504
BD.ADM2.00009,wheat_grain,Annual,cleaned,17,0.2105060022971989,0.04431277700314831,0.41737959143366504
BD.ADM2.00010,wheat_grain,Annual,full,17,-0.12522643144777587,0.01568165913314451,0.6320195221147928
BD.ADM2.00010,wheat_grain,Annual,cleaned,17,-0.12522643144777587,0.01568165913314451,0.6320195221147928
BD.ADM2.00012,wheat_grain,Annual,full,17,-0.15856206527393935,0.025141928543937,0.5432960391196243
BD.ADM2.00012,wheat_grain,Annual,cleaned,17,-0.15856206527393935,0.025141928543937,0.5432960391196243
BD.ADM2.00014,wheat_grain,Annual,full,17,0.12262180478503365,0.015036107008738902,0.6391778002943918
BD.ADM2.00014,wheat_grain,Annual,cleaned,17,0.12262180478503365,0.015036107008738902,0.6391778002943918
BD.ADM2.00015,wheat_grain,Annual,full,14,-0.22867089571101995,0.05229037854528016,0.4316673970350879
BD.ADM2.00015,wheat_grain,Annual,cleaned,14,-0.22867089571101995,0.05229037854528016,0.4316673970350879
BD.ADM2.00016,wheat_grain,Annual,full,17,0.055186151392434664,0.0030455113055087185,0.8333819282199393
BD.ADM2.00016,wheat_grain,Annual,cleaned,16,0.01989065956559552,0.00039563833795441654,0.9417144390114702
BD.ADM2.00017,wheat_grain,Annual,full,17,0.16829788955273145,0.028324179627903394,0.5184826504836835
BD.ADM2.00017,wheat_grain,Annual,cleaned,16,0.30073929233550517,0.09044412195446044,0.25770707755838795
BD.ADM2.00018,wheat_grain,Annual,full,17,-0.13021194036152084,0.01695514941271226,0.6184041410299367
BD.ADM2.00018,wheat_grain,Annual,cleaned,17,-0.13021194036152084,0.01695514941271226,0.6184041410299367
BD.ADM2.00019,wheat_grain,Annual,full,17,-0.09045252818499733,0.008181659855057736,0.7299086957553577
BD.ADM2.00019,wheat_grain,Annual,cleaned,17,-0.09045252818499733,0.008181659855057736,0.7299086957553577
