stable_id,crop,scenario,n_years,r,r_squared,p_value
BD.ADM2.00001,groundnuts_in_shell,full,9,-0.39668580473494897,0.15735962767821407,0.290488536169444
BD.ADM2.00001,groundnuts_in_shell,cleaned,9,-0.39668580473494897,0.15735962767821407,0.290488536169444
BD.ADM2.00001,rice_paddy,full,16,0.01305383041803862,0.00017040248858291032,0.9617311558768941
BD.ADM2.00001,rice_paddy,cleaned,16,0.01305383041803862,0.00017040248858291032,0.9617311558768941
BD.ADM2.00001,wheat_grain,full,16,0.0369149800746337,0.0013627157539106032,0.8920369410535229
BD.ADM2.00001,wheat_grain,cleaned,16,0.0369149800746337,0.0013627157539106032,0.8920369410535229
BD.ADM2.00002,rice_paddy,full,16,-0.13552651431807003,0.01836743608320604,0.6167575034289938
BD.ADM2.00002,rice_paddy,cleaned,16,-0.13552651431807003,0.01836743608320604,0.6167575034289938
BD.ADM2.00003,groundnuts_in_shell,full,9,-0.12664355832698865,0.016038590865721375,0.7454272672924349
BD.ADM2.00003,groundnuts_in_shell,cleaned,9,-0.12664355832698865,0.016038590865721375,0.7454272672924349
BD.ADM2.00003,rice_paddy,full,16,0.3546443910375435,0.1257726440943901,0.17771958083554748
BD.ADM2.00003,rice_paddy,cleaned,16,0.3546443910375435,0.1257726440943901,0.17771958083554748
BD.ADM2.00004,groundnuts_in_shell,full,9,0.298393785655389,0.08903885131775423,0.43543360458806374
BD.ADM2.00004,groundnuts_in_shell,cleaned,9,0.298393785655389,0.08903885131775423,0.43543360458806374
BD.ADM2.00004,rice_paddy,full,16,0.03124403151022788,0.0009761895050121127,0.9085518446930643
BD.ADM2.00004,rice_paddy,cleaned,16,0.03124403151022788,0.0009761895050121127,0.9085518446930643
BD.ADM2.00005,rice_paddy,full,16,0.05295246390012015,0.0028039634330935276,0.8455778923291503
BD.ADM2.00005,rice_paddy,cleaned,16,0.05295246390012015,0.0028039634330935276,0.8455778923291503
BD.ADM2.00005,wheat_grain,full,16,0.2794848971477307,0.07811180773367762,0.2944859817802806
BD.ADM2.00005,wheat_grain,cleaned,16,0.2794848971477307,0.07811180773367762,0.2944859817802806
BD.ADM2.00006,groundnuts_in_shell,full,9,-0.06192997070711273,0.0038353212717838407,0.8742398327940852
BD.ADM2.00006,groundnuts_in_shell,cleaned,9,-0.06192997070711273,0.0038353212717838407,0.8742398327940852
BD.ADM2.00006,rice_paddy,full,16,-0.050158933415167944,0.0025159186013472513,0.8536404310465795
BD.ADM2.00006,rice_paddy,cleaned,16,-0.050158933415167944,0.0025159186013472513,0.8536404310465795
BD.ADM2.00006,soybean_unspecified,full,6,-0.015686126645608305,0.00024605456914206285,0.9764727398531542
BD.ADM2.00006,soybean_unspecified,cleaned,6,-0.015686126645608305,0.00024605456914206285,0.9764727398531542
BD.ADM2.00006,wheat_grain,full,16,-0.012265812716399968,0.00015045016159379916,0.9640398880323682
BD.ADM2.00006,wheat_grain,cleaned,16,-0.012265812716399968,0.00015045016159379916,0.9640398880323682
BD.ADM2.00007,groundnuts_in_shell,full,9,-0.34736600709866483,0.12066314288766966,0.3597001827240973
BD.ADM2.00007,groundnuts_in_shell,cleaned,9,-0.34736600709866483,0.12066314288766966,0.3597001827240973
BD.ADM2.00007,rice_paddy,full,16,-0.3807070872008905,0.14493788624498646,0.14573735890669337
BD.ADM2.00007,rice_paddy,cleaned,16,-0.3807070872008905,0.14493788624498646,0.14573735890669337
BD.ADM2.00007,wheat_grain,full,16,-0.11766945782397913,0.013846101304589202,0.6642806621627073
BD.ADM2.00007,wheat_grain,cleaned,15,-0.06433804866592086,0.004139384506138401,0.8198036025109002
BD.ADM2.00008,rice_paddy,full,16,-0.18001925875523594,0.03240693352278459,0.5046765273379883
BD.ADM2.00008,rice_paddy,cleaned,16,-0.18001925875523594,0.03240693352278459,0.5046765273379883
BD.ADM2.00008,wheat_grain,full,16,0.052021062932348185,0.00270619098861133,0.8482644950285024
BD.ADM2.00008,wheat_grain,cleaned,16,0.052021062932348185,0.00270619098861133,0.8482644950285024
BD.ADM2.00009,groundnuts_in_shell,full,9,-0.8050640466186765,0.6481281191580385,0.008848084154720243
BD.ADM2.00009,groundnuts_in_shell,cleaned,9,-0.8050640466186765,0.6481281191580385,0.008848084154720243
BD.ADM2.00009,rice_paddy,full,16,-0.3827372677340457,0.1464878161125226,0.14342307222301642
BD.ADM2.00009,rice_paddy,cleaned,16,-0.3827372677340457,0.1464878161125226,0.14342307222301642
BD.ADM2.00009,wheat_grain,full,16,-0.08239841700291448,0.006789499124586185,0.7616050540956536
BD.ADM2.00009,wheat_grain,cleaned,16,-0.08239841700291448,0.006789499124586185,0.7616050540956536
BD.ADM2.00010,rice_paddy,full,16,0.5719936430058055,0.3271767276390528,0.020605594373713936
BD.ADM2.00010,rice_paddy,cleaned,16,0.5719936430058055,0.3271767276390528,0.020605594373713936
BD.ADM2.00010,wheat_grain,full,16,-0.05704523603743418,0.003254158954566579,0.8337916506115193
BD.ADM2.00010,wheat_grain,cleaned,16,-0.05704523603743418,0.003254158954566579,0.8337916506115193
BD.ADM2.00011,rice_paddy,full,16,-0.17762566889566134,0.03155087825063111,0.5104523923324069
BD.ADM2.00011,rice_paddy,cleaned,16,-0.17762566889566134,0.03155087825063111,0.5104523923324069
BD.ADM2.00012,rice_paddy,full,16,0.38233716201863643,0.14618170546046505,0.1438771767875044
BD.ADM2.00012,rice_paddy,cleaned,16,0.38233716201863643,0.14618170546046505,0.1438771767875044
BD.ADM2.00012,wheat_grain,full,16,-0.08470188437990461,0.007174409217506729,0.7551279229751333
BD.ADM2.00012,wheat_grain,cleaned,16,-0.08470188437990461,0.007174409217506729,0.7551279229751333
BD.ADM2.00013,rice_paddy,full,16,-0.3929765913125012,0.15443060131959258,0.13213205399025374
BD.ADM2.00013,rice_paddy,cleaned,16,-0.3929765913125012,0.15443060131959258,0.13213205399025374
BD.ADM2.00014,groundnuts_in_shell,full,9,0.12431029544851627,0.015453049554497405,0.7499956551361732
BD.ADM2.00014,groundnuts_in_shell,cleaned,9,0.12431029544851627,0.015453049554497405,0.7499956551361732
BD.ADM2.00014,rice_paddy,full,16,-0.18812636478485234,0.03539152912716333,0.4853439159548639
BD.ADM2.00014,rice_paddy,cleaned,16,-0.18812636478485234,0.03539152912716333,0.4853439159548639
BD.ADM2.00014,wheat_grain,full,16,0.2200714010665792,0.04843142156740715,0.4127908684687525
BD.ADM2.00014,wheat_grain,cleaned,16,0.2200714010665792,0.04843142156740715,0.4127908684687525
BD.ADM2.00015,rice_paddy,full,16,-0.08414837071571508,0.007080948294109416,0.7566829727111752
BD.ADM2.00015,rice_paddy,cleaned,16,-0.08414837071571508,0.007080948294109416,0.7566829727111752
BD.ADM2.00015,wheat_grain,full,13,-0.30965320636291516,0.09588510821083412,0.303214461153184
BD.ADM2.00015,wheat_grain,cleaned,13,-0.30965320636291516,0.09588510821083412,0.303214461153184
BD.ADM2.00016,rice_paddy,full,16,-0.21284435310773672,0.045302718649850915,0.42868243849437304
BD.ADM2.00016,rice_paddy,cleaned,16,-0.21284435310773672,0.045302718649850915,0.42868243849437304
BD.ADM2.00016,wheat_grain,full,16,0.03336673683366305,0.0011133391269269265,0.9023656552091304
BD.ADM2.00016,wheat_grain,cleaned,15,-0.07246251899491389,0.005250816659088256,0.7974602212048996
BD.ADM2.00017,groundnuts_in_shell,full,9,-0.0691349036540557,0.004779634903255564,0.8597192966081868
BD.ADM2.00017,groundnuts_in_shell,cleaned,9,-0.0691349036540557,0.004779634903255564,0.8597192966081868
BD.ADM2.00017,rice_paddy,full,16,-0.17930502839166215,0.03215029320653477,0.5063967948443149
BD.ADM2.00017,rice_paddy,cleaned,16,-0.17930502839166215,0.03215029320653477,0.5063967948443149
BD.ADM2.00017,wheat_grain,full,16,0.27359695794868405,0.07485529539877399,0.3051989435375799
BD.ADM2.00017,wheat_grain,cleaned,15,0.38423629322758496,0.14763752903327465,0.15735695383868503
BD.ADM2.00018,groundnuts_in_shell,full,9,-0.36385929676053375,0.13239358783907015,0.33573791065326675
BD.ADM2.00018,groundnuts_in_shell,cleaned,9,-0.36385929676053375,0.13239358783907015,0.33573791065326675
BD.ADM2.00018,rice_paddy,full,16,-0.03162365548197468,0.0010000555860426273,0.9074451368769898
BD.ADM2.00018,rice_paddy,cleaned,16,-0.03162365548197468,0.0010000555860426273,0.9074451368769898
BD.ADM2.00018,wheat_grain,full,16,0.06808913666779812,0.00463613053216609,0.8021592879440583
BD.ADM2.00018,wheat_grain,cleaned,16,0.06808913666779812,0.00463613053216609,0.8021592879440583
BD.ADM2.00019,groundnuts_in_shell,full,9,-0.10088730113879806,0.010178247531070524,0.7962093478188231
BD.ADM2.00019,groundnuts_in_shell,cleaned,9,-0.10088730113879806,0.010178247531070524,0.7962093478188231
BD.ADM2.00019,rice_paddy,full,16,-0.22019376903476545,0.04848529592173563,0.41252449563882354
BD.ADM2.00019,rice_paddy,cleaned,16,-0.22019376903476545,0.04848529592173563,0.41252449563882354
BD.ADM2.00019,wheat_grain,full,16,-0.10198536169282568,0.010401013999616475,0.7070414196627886
BD.ADM2.00019,wheat_grain,cleaned,16,-0.10198536169282568,0.010401013999616475,0.7070414196627886
BD.ADM2.00086,rice_paddy,full,16,-0.27044455144112856,0.07314025540419324,0.3110277051532954
BD.ADM2.00086,rice_paddy,cleaned,16,-0.27044455144112856,0.07314025540419324,0.3110277051532954
