stable_id,crop,year
IN.ADM2.00001,groundnut,2016
IN.ADM2.00002,rice,2005
IN.ADM2.00002,sugarcane,2013
IN.ADM2.00003,bajra,2019
IN.ADM2.00003,jowar,2020
IN.ADM2.00003,wheat,2015
IN.ADM2.00004,arhartur,2005
IN.ADM2.00004,bajra,2007
IN.ADM2.00004,cottonlint,2017
IN.ADM2.00005,rapeseed_mustard,2010
IN.ADM2.00007,arhartur,2007
IN.ADM2.00008,rapeseed_mustard,2010
IN.ADM2.00008,rapeseed_mustard,2011
IN.ADM2.00010,bajra,2023
IN.ADM2.00010,jowar,2023
IN.ADM2.00010,wheat,2002
IN.ADM2.00011,groundnut,2022
IN.ADM2.00012,cottonlint,2019
IN.ADM2.00012,sesamum,2015
IN.ADM2.00013,rapeseed_mustard,2010
IN.ADM2.00013,rapeseed_mustard,2011
IN.ADM2.00013,sesamum,2014
IN.ADM2.00014,bajra,2023
IN.ADM2.00014,potato,2021
IN.ADM2.00014,wheat,2015
IN.ADM2.00016,bajra,2023
IN.ADM2.00016,sugarcane,2000
IN.ADM2.00018,rapeseed_mustard,2011
IN.ADM2.00021,groundnut,2022
IN.ADM2.00025,groundnut,2005
IN.ADM2.00025,maize,2022
IN.ADM2.00026,groundnut,2017
IN.ADM2.00026,groundnut,2018
IN.ADM2.00026,groundnut,2019
IN.ADM2.00026,groundnut,2020
IN.ADM2.00026,potato,2004
IN.ADM2.00026,wheat,2017
IN.ADM2.00026,wheat,2018
IN.ADM2.00026,wheat,2019
IN.ADM2.00026,wheat,2020
IN.ADM2.00027,sugarcane,2006
IN.ADM2.00027,sugarcane,2007
IN.ADM2.00027,sugarcane,2008
IN.ADM2.00027,sugarcane,2009
IN.ADM2.00027,sugarcane,2010
IN.ADM2.00027,wheat,1999
IN.ADM2.00027,wheat,2017
IN.ADM2.00027,wheat,2018
IN.ADM2.00027,wheat,2019
IN.ADM2.00027,wheat,2020
IN.ADM2.00028,arhartur,2017
IN.ADM2.00028,arhartur,2018
IN.ADM2.00028,arhartur,2019
IN.ADM2.00028,arhartur,2020
IN.ADM2.00028,maize,2006
IN.ADM2.00028,potato,2007
IN.ADM2.00028,sesamum,2017
IN.ADM2.00028,sesamum,2018
IN.ADM2.00028,sesamum,2019
IN.ADM2.00028,sesamum,2020
IN.ADM2.00028,wheat,2017
IN.ADM2.00028,wheat,2018
IN.ADM2.00028,wheat,2019
IN.ADM2.00028,wheat,2020
IN.ADM2.00030,maize,2001
IN.ADM2.00030,wheat,2017
IN.ADM2.00030,wheat,2018
IN.ADM2.00030,wheat,2019
IN.ADM2.00030,wheat,2020
IN.ADM2.00032,maize,2014
IN.ADM2.00032,wheat,2017
IN.ADM2.00032,wheat,2018
IN.ADM2.00032,wheat,2019
IN.ADM2.00032,wheat,2020
IN.ADM2.00033,arhartur,2017
IN.ADM2.00033,arhartur,2018
IN.ADM2.00033,arhartur,2019
IN.ADM2.00033,arhartur,2020
IN.ADM2.00033,maize,2013
IN.ADM2.00033,soyabean,2017
IN.ADM2.00033,soyabean,2018
IN.ADM2.00033,soyabean,2019
IN.ADM2.00033,soyabean,2020
IN.ADM2.00033,wheat,2014
IN.ADM2.00033,wheat,2017
IN.ADM2.00033,wheat,2018
IN.ADM2.00033,wheat,2019
IN.ADM2.00033,wheat,2020
IN.ADM2.00034,maize,1997
IN.ADM2.00034,rice,2011
IN.ADM2.00036,maize,2001
IN.ADM2.00036,sugarcane,2004
IN.ADM2.00036,sugarcane,2012
IN.ADM2.00036,wheat,2014
IN.ADM2.00036,wheat,2017
IN.ADM2.00036,wheat,2018
IN.ADM2.00036,wheat,2019
IN.ADM2.00036,wheat,2020
IN.ADM2.00037,sugarcane,1997
IN.ADM2.00039,arhartur,2014
IN.ADM2.00039,cottonlint,1997
IN.ADM2.00039,cottonlint,1998
IN.ADM2.00039,cottonlint,1999
IN.ADM2.00039,cottonlint,2000
IN.ADM2.00039,cottonlint,2001
IN.ADM2.00039,cottonlint,2002
IN.ADM2.00039,cottonlint,2021
IN.ADM2.00039,maize,1999
IN.ADM2.00039,maize,2000
IN.ADM2.00039,maize,2001
IN.ADM2.00039,maize,2002
IN.ADM2.00039,maize,2023
IN.ADM2.00039,sugarcane,2000
IN.ADM2.00041,arhartur,2007
IN.ADM2.00041,arhartur,2008
IN.ADM2.00041,arhartur,2009
IN.ADM2.00041,arhartur,2010
IN.ADM2.00041,arhartur,2022
IN.ADM2.00041,cottonlint,2011
IN.ADM2.00041,cottonlint,2015
IN.ADM2.00041,cottonlint,2016
IN.ADM2.00041,cottonlint,2017
IN.ADM2.00041,cottonlint,2018
IN.ADM2.00041,cottonlint,2019
IN.ADM2.00041,cottonlint,2020
IN.ADM2.00041,cottonlint,2021
IN.ADM2.00041,rapeseed_mustard,2015
IN.ADM2.00041,sugarcane,2022
IN.ADM2.00041,wheat,2017
IN.ADM2.00041,wheat,2018
IN.ADM2.00041,wheat,2019
IN.ADM2.00041,wheat,2020
IN.ADM2.00042,potato,2005
IN.ADM2.00042,sugarcane,2022
IN.ADM2.00043,arhartur,2021
IN.ADM2.00043,maize,2013
IN.ADM2.00043,sugarcane,2022
IN.ADM2.00044,arhartur,2013
IN.ADM2.00044,cottonlint,2000
IN.ADM2.00044,cottonlint,2001
IN.ADM2.00044,cottonlint,2002
IN.ADM2.00044,cottonlint,2003
IN.ADM2.00044,cottonlint,2010
IN.ADM2.00044,potato,2010
IN.ADM2.00044,sesamum,2013
IN.ADM2.00044,sugarcane,2000
IN.ADM2.00045,maize,2013
IN.ADM2.00045,potato,2022
IN.ADM2.00045,rapeseed_mustard,2022
IN.ADM2.00045,rice,2021
IN.ADM2.00045,sugarcane,2022
IN.ADM2.00046,arhartur,2014
IN.ADM2.00046,cottonlint,2013
IN.ADM2.00046,cottonlint,2014
IN.ADM2.00046,cottonlint,2015
IN.ADM2.00046,cottonlint,2016
IN.ADM2.00046,maize,2000
IN.ADM2.00046,maize,2001
IN.ADM2.00046,maize,2002
IN.ADM2.00046,maize,2003
IN.ADM2.00046,maize,2023
IN.ADM2.00046,potato,2020
IN.ADM2.00046,rapeseed_mustard,2022
IN.ADM2.00046,rice,2021
IN.ADM2.00046,sesamum,2000
IN.ADM2.00046,sesamum,2001
IN.ADM2.00046,sesamum,2002
IN.ADM2.00046,sesamum,2003
IN.ADM2.00046,sesamum,2004
IN.ADM2.00046,sesamum,2005
IN.ADM2.00046,sesamum,2022
IN.ADM2.00047,maize,2013
IN.ADM2.00047,rice,2021
IN.ADM2.00047,sugarcane,1997
IN.ADM2.00049,arhartur,2014
IN.ADM2.00049,rapeseed_mustard,2022
IN.ADM2.00050,arhartur,2017
IN.ADM2.00050,cottonlint,2004
IN.ADM2.00050,sesamum,2017
IN.ADM2.00052,arhartur,2014
IN.ADM2.00052,sugarcane,2011
IN.ADM2.00052,wheat,2009
IN.ADM2.00053,arhartur,1997
IN.ADM2.00053,arhartur,1998
IN.ADM2.00053,arhartur,1999
IN.ADM2.00053,arhartur,2000
IN.ADM2.00053,arhartur,2001
IN.ADM2.00053,cottonlint,1999
IN.ADM2.00053,cottonlint,2000
IN.ADM2.00053,cottonlint,2001
IN.ADM2.00053,cottonlint,2002
IN.ADM2.00053,maize,1999
IN.ADM2.00053,maize,2000
IN.ADM2.00053,maize,2001
IN.ADM2.00053,maize,2002
IN.ADM2.00053,maize,2003
IN.ADM2.00053,sesamum,1999
IN.ADM2.00053,sesamum,2000
IN.ADM2.00053,sesamum,2001
IN.ADM2.00053,sesamum,2002
IN.ADM2.00053,sugarcane,2022
IN.ADM2.00054,cottonlint,2016
IN.ADM2.00054,sugarcane,2020
IN.ADM2.00056,arhartur,2014
IN.ADM2.00056,maize,2023
IN.ADM2.00056,rice,2023
IN.ADM2.00057,cottonlint,2010
IN.ADM2.00057,cottonlint,2011
IN.ADM2.00057,cottonlint,2012
IN.ADM2.00057,cottonlint,2013
IN.ADM2.00057,potato,1998
IN.ADM2.00057,sugarcane,2022
IN.ADM2.00058,potato,1999
IN.ADM2.00058,sugarcane,2019
IN.ADM2.00059,cottonlint,2002
IN.ADM2.00059,cottonlint,2003
IN.ADM2.00059,cottonlint,2004
IN.ADM2.00059,cottonlint,2005
IN.ADM2.00059,cottonlint,2006
IN.ADM2.00059,cottonlint,2007
IN.ADM2.00059,cottonlint,2008
IN.ADM2.00059,cottonlint,2013
IN.ADM2.00059,cottonlint,2014
IN.ADM2.00059,cottonlint,2015
IN.ADM2.00059,cottonlint,2016
IN.ADM2.00059,maize,2013
IN.ADM2.00060,ragi,2000
IN.ADM2.00061,barley,2017
IN.ADM2.00061,sesamum,2016
IN.ADM2.00062,groundnut,2011
IN.ADM2.00062,groundnut,2012
IN.ADM2.00062,groundnut,2013
IN.ADM2.00062,groundnut,2014
IN.ADM2.00062,groundnut,2015
IN.ADM2.00062,groundnut,2016
IN.ADM2.00062,groundnut,2017
IN.ADM2.00062,groundnut,2018
IN.ADM2.00062,groundnut,2019
IN.ADM2.00062,groundnut,2020
IN.ADM2.00062,jowar,1999
IN.ADM2.00062,rapeseed_mustard,2012
IN.ADM2.00062,sesamum,2000
IN.ADM2.00062,wheat,2014
IN.ADM2.00065,arhartur,2016
IN.ADM2.00065,maize,2016
IN.ADM2.00065,potato,2008
IN.ADM2.00065,rapeseed_mustard,2012
IN.ADM2.00065,sesamum,2011
IN.ADM2.00065,sesamum,2012
IN.ADM2.00065,sesamum,2013
IN.ADM2.00065,sesamum,2014
IN.ADM2.00065,wheat,2011
IN.ADM2.00068,ragi,2013
IN.ADM2.00072,arhartur,2017
IN.ADM2.00072,ragi,2011
IN.ADM2.00073,ragi,2002
IN.ADM2.00075,barley,2009
IN.ADM2.00075,maize,2001
IN.ADM2.00075,ragi,2000
IN.ADM2.00076,rapeseed_mustard,2017
IN.ADM2.00077,arhartur,2012
IN.ADM2.00077,potato,2008
IN.ADM2.00078,arhartur,2010
IN.ADM2.00078,ragi,2000
IN.ADM2.00080,arhartur,1999
IN.ADM2.00080,ragi,2018
IN.ADM2.00081,potato,2001
IN.ADM2.00081,ragi,2015
IN.ADM2.00083,rapeseed_mustard,2012
IN.ADM2.00083,sesamum,2000
IN.ADM2.00083,sugarcane,2012
IN.ADM2.00084,groundnut,2000
IN.ADM2.00084,rapeseed_mustard,2013
IN.ADM2.00085,rapeseed_mustard,2001
IN.ADM2.00087,rapeseed_mustard,2020
IN.ADM2.00087,rice,2020
IN.ADM2.00087,sugarcane,2018
IN.ADM2.00087,wheat,2021
IN.ADM2.00089,jowar,1999
IN.ADM2.00089,sugarcane,1997
IN.ADM2.00090,arhartur,2011
IN.ADM2.00090,sugarcane,2009
IN.ADM2.00091,rapeseed_mustard,2013
IN.ADM2.00092,groundnut,2018
IN.ADM2.00092,groundnut,2019
IN.ADM2.00092,groundnut,2020
IN.ADM2.00092,groundnut,2021
IN.ADM2.00092,groundnut,2022
IN.ADM2.00092,rapeseed_mustard,2016
IN.ADM2.00092,sugarcane,2018
IN.ADM2.00092,wheat,2014
IN.ADM2.00097,maize,2017
IN.ADM2.00097,rapeseed_mustard,2011
IN.ADM2.00097,sesamum,1998
IN.ADM2.00098,arhartur,2017
IN.ADM2.00098,ragi,2000
IN.ADM2.00098,rapeseed_mustard,2012
IN.ADM2.00100,maize,2016
IN.ADM2.00100,ragi,2011
IN.ADM2.00100,rapeseed_mustard,2012
IN.ADM2.00100,sesamum,2016
IN.ADM2.00100,sesamum,2017
IN.ADM2.00100,sesamum,2018
IN.ADM2.00100,sesamum,2019
IN.ADM2.00100,sesamum,2020
IN.ADM2.00100,sesamum,2021
IN.ADM2.00100,sesamum,2022
IN.ADM2.00100,sugarcane,2016
IN.ADM2.00101,bajra,2005
IN.ADM2.00101,bajra,2006
IN.ADM2.00101,bajra,2007
IN.ADM2.00101,bajra,2008
IN.ADM2.00101,sesamum,2018
IN.ADM2.00101,sugarcane,2012
IN.ADM2.00102,maize,1998
IN.ADM2.00102,maize,2003
IN.ADM2.00102,maize,2004
IN.ADM2.00102,maize,2005
IN.ADM2.00102,maize,2006
IN.ADM2.00102,maize,2007
IN.ADM2.00102,potato,1998
IN.ADM2.00102,potato,1999
IN.ADM2.00102,potato,2000
IN.ADM2.00102,potato,2001
IN.ADM2.00102,rice,1999
IN.ADM2.00102,rice,2000
IN.ADM2.00102,rice,2001
IN.ADM2.00102,rice,2002
IN.ADM2.00102,rice,2003
IN.ADM2.00102,rice,2004
IN.ADM2.00102,rice,2005
IN.ADM2.00102,rice,2006
IN.ADM2.00102,rice,2007
IN.ADM2.00102,rice,2008
IN.ADM2.00102,rice,2009
IN.ADM2.00102,rice,2019
IN.ADM2.00102,rice,2020
IN.ADM2.00102,rice,2021
IN.ADM2.00102,rice,2022
IN.ADM2.00102,wheat,2020
IN.ADM2.00102,wheat,2021
IN.ADM2.00102,wheat,2022
IN.ADM2.00102,wheat,2023
IN.ADM2.00103,arhartur,2016
IN.ADM2.00103,jowar,2018
IN.ADM2.00103,maize,1998
IN.ADM2.00103,maize,2010
IN.ADM2.00103,maize,2011
IN.ADM2.00103,maize,2012
IN.ADM2.00103,maize,2013
IN.ADM2.00103,maize,2014
IN.ADM2.00103,rice,2009
IN.ADM2.00103,wheat,2009
IN.ADM2.00107,rice,2022
IN.ADM2.00108,rice,2022
IN.ADM2.00109,arhartur,2019
IN.ADM2.00109,sesamum,2012
IN.ADM2.00109,sugarcane,2000
IN.ADM2.00110,cottonlint,2021
IN.ADM2.00110,rice,2000
IN.ADM2.00110,sesamum,1997
IN.ADM2.00110,wheat,2008
IN.ADM2.00111,cottonlint,2021
IN.ADM2.00111,jowar,2000
IN.ADM2.00111,rice,2000
IN.ADM2.00111,sesamum,2012
IN.ADM2.00111,sugarcane,2012
IN.ADM2.00112,cottonlint,2021
IN.ADM2.00112,rapeseed_mustard,2022
IN.ADM2.00112,sugarcane,2012
IN.ADM2.00113,arhartur,2000
IN.ADM2.00113,cottonlint,2021
IN.ADM2.00113,groundnut,2015
IN.ADM2.00113,sesamum,1998
IN.ADM2.00113,wheat,1999
IN.ADM2.00114,arhartur,2020
IN.ADM2.00114,sesamum,2012
IN.ADM2.00115,arhartur,2020
IN.ADM2.00115,bajra,2012
IN.ADM2.00115,rapeseed_mustard,2008
IN.ADM2.00115,rapeseed_mustard,2009
IN.ADM2.00115,rapeseed_mustard,2010
IN.ADM2.00115,rapeseed_mustard,2011
IN.ADM2.00115,sesamum,2012
IN.ADM2.00115,sugarcane,2012
IN.ADM2.00116,cottonlint,2021
IN.ADM2.00116,potato,2009
IN.ADM2.00117,cottonlint,2021
IN.ADM2.00117,jowar,2002
IN.ADM2.00117,ragi,2006
IN.ADM2.00117,ragi,2007
IN.ADM2.00117,ragi,2008
IN.ADM2.00117,ragi,2009
IN.ADM2.00117,ragi,2010
IN.ADM2.00117,ragi,2011
IN.ADM2.00117,rice,2000
IN.ADM2.00117,sesamum,2012
IN.ADM2.00117,soyabean,2018
IN.ADM2.00120,sesamum,2012
IN.ADM2.00121,cottonlint,2021
IN.ADM2.00121,rapeseed_mustard,2002
IN.ADM2.00121,soyabean,2018
IN.ADM2.00123,jowar,2016
IN.ADM2.00123,sugarcane,2008
IN.ADM2.00124,jowar,2016
IN.ADM2.00124,rapeseed_mustard,2005
IN.ADM2.00124,rapeseed_mustard,2006
IN.ADM2.00124,rapeseed_mustard,2007
IN.ADM2.00124,rapeseed_mustard,2008
IN.ADM2.00124,rapeseed_mustard,2009
IN.ADM2.00124,sugarcane,2012
IN.ADM2.00126,cottonlint,2021
IN.ADM2.00126,rapeseed_mustard,2004
IN.ADM2.00126,rapeseed_mustard,2005
IN.ADM2.00126,rapeseed_mustard,2006
IN.ADM2.00126,rapeseed_mustard,2007
IN.ADM2.00126,rapeseed_mustard,2008
IN.ADM2.00126,sugarcane,2012
IN.ADM2.00129,arhartur,2002
IN.ADM2.00129,groundnut,2000
IN.ADM2.00129,groundnut,2001
IN.ADM2.00129,groundnut,2002
IN.ADM2.00129,groundnut,2003
IN.ADM2.00129,groundnut,2008
IN.ADM2.00129,groundnut,2018
IN.ADM2.00129,groundnut,2019
IN.ADM2.00129,groundnut,2020
IN.ADM2.00129,groundnut,2021
IN.ADM2.00129,jowar,2009
IN.ADM2.00129,maize,1999
IN.ADM2.00129,maize,2000
IN.ADM2.00129,maize,2001
IN.ADM2.00129,maize,2002
IN.ADM2.00129,maize,2003
IN.ADM2.00129,wheat,2005
IN.ADM2.00130,jowar,2009
IN.ADM2.00130,maize,2003
IN.ADM2.00130,potato,2021
IN.ADM2.00130,rice,1999
IN.ADM2.00130,sugarcane,2010
IN.ADM2.00130,sugarcane,2011
IN.ADM2.00132,bajra,2003
IN.ADM2.00132,maize,1999
IN.ADM2.00132,maize,2000
IN.ADM2.00132,maize,2001
IN.ADM2.00132,maize,2002
IN.ADM2.00132,maize,2003
IN.ADM2.00132,sesamum,2010
IN.ADM2.00132,sugarcane,2010
IN.ADM2.00132,sugarcane,2011
IN.ADM2.00133,arhartur,2000
IN.ADM2.00133,maize,1999
IN.ADM2.00133,maize,2000
IN.ADM2.00133,maize,2001
IN.ADM2.00133,maize,2002
IN.ADM2.00133,rice,2023
IN.ADM2.00133,sugarcane,2010
IN.ADM2.00133,sugarcane,2011
IN.ADM2.00133,wheat,2014
IN.ADM2.00134,bajra,2007
IN.ADM2.00134,bajra,2017
IN.ADM2.00134,bajra,2018
IN.ADM2.00134,bajra,2019
IN.ADM2.00134,bajra,2020
IN.ADM2.00134,barley,1999
IN.ADM2.00134,barley,2000
IN.ADM2.00134,barley,2001
IN.ADM2.00134,barley,2002
IN.ADM2.00134,barley,2003
IN.ADM2.00134,maize,1999
IN.ADM2.00134,maize,2000
IN.ADM2.00134,maize,2001
IN.ADM2.00134,maize,2002
IN.ADM2.00134,maize,2003
IN.ADM2.00134,sesamum,1999
IN.ADM2.00134,sesamum,2000
IN.ADM2.00134,sesamum,2001
IN.ADM2.00134,sesamum,2002
IN.ADM2.00134,sesamum,2003
IN.ADM2.00134,sugarcane,2011
IN.ADM2.00134,wheat,2011
IN.ADM2.00136,bajra,1999
IN.ADM2.00136,bajra,2000
IN.ADM2.00136,bajra,2001
IN.ADM2.00136,bajra,2002
IN.ADM2.00136,bajra,2003
IN.ADM2.00136,barley,1999
IN.ADM2.00136,barley,2000
IN.ADM2.00136,barley,2001
IN.ADM2.00136,barley,2002
IN.ADM2.00136,barley,2003
IN.ADM2.00136,maize,1998
IN.ADM2.00136,maize,1999
IN.ADM2.00136,maize,2000
IN.ADM2.00136,maize,2001
IN.ADM2.00136,maize,2002
IN.ADM2.00136,maize,2003
IN.ADM2.00136,potato,2009
IN.ADM2.00136,rapeseed_mustard,2000
IN.ADM2.00136,rapeseed_mustard,2001
IN.ADM2.00136,rapeseed_mustard,2002
IN.ADM2.00136,rapeseed_mustard,2003
IN.ADM2.00136,sugarcane,2010
IN.ADM2.00136,sugarcane,2011
IN.ADM2.00137,cottonlint,2010
IN.ADM2.00137,jowar,1999
IN.ADM2.00137,jowar,2000
IN.ADM2.00137,jowar,2001
IN.ADM2.00137,jowar,2002
IN.ADM2.00137,jowar,2003
IN.ADM2.00137,sesamum,1999
IN.ADM2.00137,sesamum,2000
IN.ADM2.00137,sesamum,2001
IN.ADM2.00137,sesamum,2002
IN.ADM2.00137,sesamum,2003
IN.ADM2.00139,arhartur,2018
IN.ADM2.00139,arhartur,2019
IN.ADM2.00139,arhartur,2020
IN.ADM2.00139,arhartur,2021
IN.ADM2.00139,cottonlint,2010
IN.ADM2.00139,groundnut,1999
IN.ADM2.00139,groundnut,2000
IN.ADM2.00139,groundnut,2001
IN.ADM2.00139,groundnut,2002
IN.ADM2.00139,jowar,2008
IN.ADM2.00139,rice,2002
IN.ADM2.00139,sesamum,2016
IN.ADM2.00140,cottonlint,2020
IN.ADM2.00140,groundnut,2000
IN.ADM2.00140,groundnut,2001
IN.ADM2.00140,groundnut,2002
IN.ADM2.00140,groundnut,2003
IN.ADM2.00140,groundnut,2013
IN.ADM2.00140,groundnut,2014
IN.ADM2.00140,groundnut,2015
IN.ADM2.00140,groundnut,2016
IN.ADM2.00140,jowar,2009
IN.ADM2.00140,maize,2000
IN.ADM2.00140,maize,2001
IN.ADM2.00140,maize,2002
IN.ADM2.00140,maize,2003
IN.ADM2.00140,potato,2021
IN.ADM2.00140,sesamum,1999
IN.ADM2.00140,sesamum,2000
IN.ADM2.00140,sesamum,2001
IN.ADM2.00140,sesamum,2002
IN.ADM2.00140,sesamum,2003
IN.ADM2.00140,sugarcane,2010
IN.ADM2.00140,sugarcane,2011
IN.ADM2.00141,bajra,2010
IN.ADM2.00141,rice,2011
IN.ADM2.00142,arhartur,2016
IN.ADM2.00142,bajra,2017
IN.ADM2.00142,jowar,2009
IN.ADM2.00142,maize,1999
IN.ADM2.00142,maize,2000
IN.ADM2.00142,maize,2001
IN.ADM2.00142,maize,2002
IN.ADM2.00142,sugarcane,2010
IN.ADM2.00142,sugarcane,2011
IN.ADM2.00143,barley,2000
IN.ADM2.00143,barley,2001
IN.ADM2.00143,barley,2002
IN.ADM2.00143,barley,2003
IN.ADM2.00143,rapeseed_mustard,2008
IN.ADM2.00143,sesamum,1999
IN.ADM2.00143,sesamum,2000
IN.ADM2.00143,sesamum,2001
IN.ADM2.00143,sesamum,2002
IN.ADM2.00143,sesamum,2003
IN.ADM2.00144,rice,2020
IN.ADM2.00144,sugarcane,2005
IN.ADM2.00144,sugarcane,2006
IN.ADM2.00144,sugarcane,2007
IN.ADM2.00144,sugarcane,2008
IN.ADM2.00144,sugarcane,2014
IN.ADM2.00145,ragi,2013
IN.ADM2.00145,ragi,2014
IN.ADM2.00145,ragi,2015
IN.ADM2.00145,ragi,2016
IN.ADM2.00146,rice,2020
IN.ADM2.00146,sesamum,2013
IN.ADM2.00146,sesamum,2014
IN.ADM2.00146,sesamum,2015
IN.ADM2.00146,sesamum,2016
IN.ADM2.00146,sugarcane,2014
IN.ADM2.00147,bajra,2020
IN.ADM2.00147,cottonlint,2011
IN.ADM2.00147,maize,2001
IN.ADM2.00147,ragi,2013
IN.ADM2.00147,ragi,2014
IN.ADM2.00147,ragi,2015
IN.ADM2.00147,ragi,2016
IN.ADM2.00148,ragi,2013
IN.ADM2.00148,ragi,2014
IN.ADM2.00148,ragi,2015
IN.ADM2.00148,ragi,2016
IN.ADM2.00148,ragi,2017
IN.ADM2.00148,rice,2023
IN.ADM2.00149,maize,2002
IN.ADM2.00149,soyabean,2010
IN.ADM2.00149,soyabean,2011
IN.ADM2.00149,soyabean,2012
IN.ADM2.00149,soyabean,2013
IN.ADM2.00149,soyabean,2014
IN.ADM2.00149,soyabean,2015
IN.ADM2.00149,soyabean,2016
IN.ADM2.00149,soyabean,2017
IN.ADM2.00150,rapeseed_mustard,2011
IN.ADM2.00150,wheat,2007
IN.ADM2.00151,bajra,2019
IN.ADM2.00151,groundnut,2012
IN.ADM2.00151,groundnut,2013
IN.ADM2.00151,groundnut,2014
IN.ADM2.00151,groundnut,2015
IN.ADM2.00151,groundnut,2016
IN.ADM2.00152,bajra,2002
IN.ADM2.00152,groundnut,2013
IN.ADM2.00152,groundnut,2014
IN.ADM2.00152,groundnut,2015
IN.ADM2.00152,groundnut,2016
IN.ADM2.00152,potato,2019
IN.ADM2.00152,rice,2022
IN.ADM2.00152,soyabean,1998
IN.ADM2.00153,maize,2021
IN.ADM2.00153,rice,2021
IN.ADM2.00154,rice,2023
IN.ADM2.00155,rapeseed_mustard,2011
IN.ADM2.00158,potato,2008
IN.ADM2.00158,rapeseed_mustard,2018
IN.ADM2.00159,barley,2005
IN.ADM2.00159,rapeseed_mustard,2021
IN.ADM2.00160,bajra,2022
IN.ADM2.00160,barley,2020
IN.ADM2.00160,maize,1998
IN.ADM2.00160,sugarcane,2009
IN.ADM2.00160,sugarcane,2010
IN.ADM2.00160,sugarcane,2011
IN.ADM2.00160,sugarcane,2012
IN.ADM2.00164,potato,2018
IN.ADM2.00164,rapeseed_mustard,2021
IN.ADM2.00165,wheat,2021
IN.ADM2.00166,rapeseed_mustard,2017
IN.ADM2.00167,maize,1998
IN.ADM2.00168,rapeseed_mustard,2008
IN.ADM2.00169,bajra,2021
IN.ADM2.00169,barley,2019
IN.ADM2.00169,maize,1998
IN.ADM2.00169,potato,2008
IN.ADM2.00169,rapeseed_mustard,2014
IN.ADM2.00169,sesamum,2001
IN.ADM2.00170,maize,2023
IN.ADM2.00172,rapeseed_mustard,2008
IN.ADM2.00172,sugarcane,2003
IN.ADM2.00173,potato,1999
IN.ADM2.00175,groundnut,2022
IN.ADM2.00175,maize,2009
IN.ADM2.00176,cottonlint,2020
IN.ADM2.00179,bajra,2007
IN.ADM2.00180,bajra,2017
IN.ADM2.00180,groundnut,2022
IN.ADM2.00181,arhartur,2014
IN.ADM2.00181,maize,2017
IN.ADM2.00182,maize,2017
IN.ADM2.00183,rapeseed_mustard,2008
IN.ADM2.00183,rice,2005
IN.ADM2.00184,groundnut,2016
IN.ADM2.00185,sesamum,2005
IN.ADM2.00186,groundnut,2022
IN.ADM2.00186,wheat,2014
IN.ADM2.00188,cottonlint,2016
IN.ADM2.00188,potato,2006
IN.ADM2.00189,sesamum,2005
IN.ADM2.00189,sesamum,2006
IN.ADM2.00189,sesamum,2007
IN.ADM2.00189,sesamum,2008
IN.ADM2.00190,sesamum,2008
IN.ADM2.00191,sesamum,2012
IN.ADM2.00192,rice,2021
IN.ADM2.00198,sesamum,2022
IN.ADM2.00199,jowar,2023
IN.ADM2.00200,sugarcane,2008
IN.ADM2.00202,sesamum,2018
IN.ADM2.00202,sugarcane,1999
IN.ADM2.00202,sugarcane,2000
IN.ADM2.00202,sugarcane,2001
IN.ADM2.00202,sugarcane,2002
IN.ADM2.00202,sugarcane,2003
IN.ADM2.00202,sugarcane,2004
IN.ADM2.00203,sugarcane,1999
IN.ADM2.00203,sugarcane,2000
IN.ADM2.00203,sugarcane,2001
IN.ADM2.00203,sugarcane,2002
IN.ADM2.00203,sugarcane,2003
IN.ADM2.00203,sugarcane,2004
IN.ADM2.00205,sugarcane,2021
IN.ADM2.00206,rapeseed_mustard,1999
IN.ADM2.00206,sugarcane,1999
IN.ADM2.00207,arhartur,2010
IN.ADM2.00207,cottonlint,2021
IN.ADM2.00207,groundnut,2014
IN.ADM2.00207,jowar,2017
IN.ADM2.00207,rice,2012
IN.ADM2.00207,sesamum,2012
IN.ADM2.00208,jowar,2015
IN.ADM2.00208,soyabean,2009
IN.ADM2.00208,sugarcane,2021
IN.ADM2.00210,jowar,2020
IN.ADM2.00210,potato,1999
IN.ADM2.00210,rapeseed_mustard,1999
IN.ADM2.00210,sesamum,2021
IN.ADM2.00210,sugarcane,1999
IN.ADM2.00211,arhartur,2014
IN.ADM2.00211,bajra,2017
IN.ADM2.00211,barley,2017
IN.ADM2.00211,jowar,2017
IN.ADM2.00212,arhartur,2015
IN.ADM2.00212,cottonlint,2021
IN.ADM2.00212,groundnut,2020
IN.ADM2.00212,potato,2015
IN.ADM2.00212,potato,2016
IN.ADM2.00212,potato,2017
IN.ADM2.00212,potato,2018
IN.ADM2.00212,potato,2019
IN.ADM2.00213,potato,2010
IN.ADM2.00213,potato,2015
IN.ADM2.00213,potato,2016
IN.ADM2.00213,potato,2017
IN.ADM2.00213,potato,2018
IN.ADM2.00213,potato,2019
IN.ADM2.00213,rapeseed_mustard,2011
IN.ADM2.00213,rice,2022
IN.ADM2.00214,barley,2015
IN.ADM2.00214,jowar,2017
IN.ADM2.00214,potato,2015
IN.ADM2.00214,potato,2016
IN.ADM2.00214,potato,2017
IN.ADM2.00214,potato,2018
IN.ADM2.00214,potato,2019
IN.ADM2.00214,soyabean,2014
IN.ADM2.00215,arhartur,2015
IN.ADM2.00215,barley,2014
IN.ADM2.00215,cottonlint,2021
IN.ADM2.00215,rice,2022
IN.ADM2.00215,sesamum,2012
IN.ADM2.00216,arhartur,2017
IN.ADM2.00216,barley,2017
IN.ADM2.00216,cottonlint,2021
IN.ADM2.00217,arhartur,1999
IN.ADM2.00217,cottonlint,2022
IN.ADM2.00217,rapeseed_mustard,1999
IN.ADM2.00217,sugarcane,2020
IN.ADM2.00217,wheat,2019
IN.ADM2.00218,cottonlint,2021
IN.ADM2.00218,groundnut,2013
IN.ADM2.00218,rapeseed_mustard,2019
IN.ADM2.00218,soyabean,2016
IN.ADM2.00219,jowar,2017
IN.ADM2.00220,jowar,2002
IN.ADM2.00220,potato,2015
IN.ADM2.00220,potato,2016
IN.ADM2.00220,potato,2017
IN.ADM2.00220,potato,2018
IN.ADM2.00220,potato,2019
IN.ADM2.00221,cottonlint,2021
IN.ADM2.00221,groundnut,2017
IN.ADM2.00221,rice,2012
IN.ADM2.00221,sugarcane,2021
IN.ADM2.00221,wheat,2021
IN.ADM2.00222,arhartur,2017
IN.ADM2.00222,cottonlint,2007
IN.ADM2.00223,arhartur,2010
IN.ADM2.00223,bajra,2012
IN.ADM2.00223,barley,2016
IN.ADM2.00223,sugarcane,2021
IN.ADM2.00224,bajra,2017
IN.ADM2.00224,cottonlint,2021
IN.ADM2.00224,jowar,2017
IN.ADM2.00224,sesamum,2021
IN.ADM2.00225,barley,2016
IN.ADM2.00225,jowar,2017
IN.ADM2.00225,rice,2017
IN.ADM2.00226,cottonlint,2021
IN.ADM2.00226,jowar,2017
IN.ADM2.00226,rice,2017
IN.ADM2.00227,arhartur,2015
IN.ADM2.00227,cottonlint,2021
IN.ADM2.00227,groundnut,2018
IN.ADM2.00227,sesamum,2021
IN.ADM2.00228,rice,2017
IN.ADM2.00229,barley,2016
IN.ADM2.00230,arhartur,1999
IN.ADM2.00230,cottonlint,2022
IN.ADM2.00230,potato,1999
IN.ADM2.00230,rapeseed_mustard,1999
IN.ADM2.00230,sesamum,1997
IN.ADM2.00230,sugarcane,1999
IN.ADM2.00232,groundnut,2022
IN.ADM2.00232,sugarcane,2014
IN.ADM2.00233,rice,2016
IN.ADM2.00235,cottonlint,2021
IN.ADM2.00236,bajra,2017
IN.ADM2.00236,barley,2015
IN.ADM2.00236,barley,2016
IN.ADM2.00236,jowar,2017
IN.ADM2.00236,rapeseed_mustard,2022
IN.ADM2.00236,rice,2017
IN.ADM2.00237,arhartur,2017
IN.ADM2.00237,bajra,2012
IN.ADM2.00237,rice,2022
IN.ADM2.00238,bajra,2014
IN.ADM2.00238,jowar,2017
IN.ADM2.00238,rapeseed_mustard,2017
IN.ADM2.00238,soyabean,2014
IN.ADM2.00239,arhartur,2016
IN.ADM2.00240,cottonlint,2021
IN.ADM2.00240,groundnut,2020
IN.ADM2.00241,barley,2016
IN.ADM2.00241,jowar,2017
IN.ADM2.00241,rapeseed_mustard,2018
IN.ADM2.00241,sesamum,2013
IN.ADM2.00242,jowar,2014
IN.ADM2.00242,rice,2020
IN.ADM2.00242,wheat,2019
IN.ADM2.00243,barley,2016
IN.ADM2.00243,jowar,2017
IN.ADM2.00243,soyabean,2014
IN.ADM2.00244,bajra,2017
IN.ADM2.00244,jowar,2017
IN.ADM2.00244,soyabean,2014
IN.ADM2.00245,arhartur,1998
IN.ADM2.00245,cottonlint,2005
IN.ADM2.00245,cottonlint,2006
IN.ADM2.00245,cottonlint,2007
IN.ADM2.00245,cottonlint,2008
IN.ADM2.00245,rapeseed_mustard,1998
IN.ADM2.00245,soyabean,2016
IN.ADM2.00246,arhartur,2017
IN.ADM2.00246,rice,2022
IN.ADM2.00248,sugarcane,2021
IN.ADM2.00248,wheat,2017
IN.ADM2.00249,arhartur,2017
IN.ADM2.00249,cottonlint,2021
IN.ADM2.00249,jowar,2012
IN.ADM2.00250,cottonlint,1997
IN.ADM2.00250,ragi,2001
IN.ADM2.00250,sesamum,2008
IN.ADM2.00250,sugarcane,1997
IN.ADM2.00251,cottonlint,1997
IN.ADM2.00252,cottonlint,1997
IN.ADM2.00252,rice,2009
IN.ADM2.00252,sesamum,2008
IN.ADM2.00253,cottonlint,1997
IN.ADM2.00254,arhartur,2016
IN.ADM2.00254,sesamum,2012
IN.ADM2.00254,wheat,1999
IN.ADM2.00255,bajra,2020
IN.ADM2.00255,cottonlint,1997
IN.ADM2.00255,rice,2020
IN.ADM2.00256,arhartur,2021
IN.ADM2.00256,cottonlint,1997
IN.ADM2.00257,cottonlint,1997
IN.ADM2.00257,groundnut,2004
IN.ADM2.00257,groundnut,2005
IN.ADM2.00257,groundnut,2006
IN.ADM2.00257,groundnut,2007
IN.ADM2.00257,groundnut,2008
IN.ADM2.00257,groundnut,2009
IN.ADM2.00257,jowar,2014
IN.ADM2.00258,cottonlint,1997
IN.ADM2.00258,sesamum,2016
IN.ADM2.00258,sugarcane,1997
IN.ADM2.00259,arhartur,2016
IN.ADM2.00259,cottonlint,2002
IN.ADM2.00259,cottonlint,2003
IN.ADM2.00259,cottonlint,2004
IN.ADM2.00259,cottonlint,2005
IN.ADM2.00259,cottonlint,2017
IN.ADM2.00259,rapeseed_mustard,1999
IN.ADM2.00260,cottonlint,1997
IN.ADM2.00260,sesamum,2016
IN.ADM2.00260,sugarcane,1997
IN.ADM2.00261,cottonlint,1997
IN.ADM2.00262,cottonlint,1997
IN.ADM2.00262,cottonlint,1998
IN.ADM2.00262,cottonlint,1999
IN.ADM2.00262,cottonlint,2000
IN.ADM2.00262,cottonlint,2001
IN.ADM2.00262,cottonlint,2002
IN.ADM2.00262,cottonlint,2003
IN.ADM2.00262,cottonlint,2004
IN.ADM2.00262,cottonlint,2005
IN.ADM2.00262,jowar,1997
IN.ADM2.00262,ragi,2023
IN.ADM2.00262,rice,1997
IN.ADM2.00262,sugarcane,2003
IN.ADM2.00263,arhartur,2016
IN.ADM2.00263,bajra,2022
IN.ADM2.00263,cottonlint,1997
IN.ADM2.00263,rapeseed_mustard,2009
IN.ADM2.00263,sugarcane,2015
IN.ADM2.00266,arhartur,2016
IN.ADM2.00266,cottonlint,1997
IN.ADM2.00267,cottonlint,1997
IN.ADM2.00267,maize,1997
IN.ADM2.00267,maize,1998
IN.ADM2.00267,maize,1999
IN.ADM2.00267,maize,2000
IN.ADM2.00268,cottonlint,1997
IN.ADM2.00268,groundnut,2016
IN.ADM2.00268,jowar,2012
IN.ADM2.00268,sugarcane,1997
IN.ADM2.00269,cottonlint,1997
IN.ADM2.00270,cottonlint,1997
IN.ADM2.00270,rice,2020
IN.ADM2.00271,cottonlint,1997
IN.ADM2.00271,maize,2016
IN.ADM2.00271,sugarcane,1997
IN.ADM2.00272,groundnut,2000
IN.ADM2.00272,groundnut,2001
IN.ADM2.00272,groundnut,2002
IN.ADM2.00272,groundnut,2003
IN.ADM2.00272,groundnut,2004
IN.ADM2.00272,groundnut,2005
IN.ADM2.00272,groundnut,2022
IN.ADM2.00272,sesamum,2006
IN.ADM2.00272,sesamum,2007
IN.ADM2.00272,sesamum,2008
IN.ADM2.00272,sesamum,2009
IN.ADM2.00272,sesamum,2010
IN.ADM2.00273,arhartur,2001
IN.ADM2.00273,arhartur,2002
IN.ADM2.00273,arhartur,2003
IN.ADM2.00273,arhartur,2004
IN.ADM2.00273,maize,2007
IN.ADM2.00273,maize,2008
IN.ADM2.00273,maize,2009
IN.ADM2.00273,maize,2010
IN.ADM2.00273,maize,2011
IN.ADM2.00273,ragi,2003
IN.ADM2.00273,sesamum,2000
IN.ADM2.00273,sesamum,2001
IN.ADM2.00273,sesamum,2002
IN.ADM2.00273,sesamum,2003
IN.ADM2.00273,sesamum,2004
IN.ADM2.00273,sesamum,2005
IN.ADM2.00273,sesamum,2006
IN.ADM2.00273,sesamum,2007
IN.ADM2.00273,sesamum,2008
IN.ADM2.00274,arhartur,2009
IN.ADM2.00274,cottonlint,1997
IN.ADM2.00274,ragi,2006
IN.ADM2.00274,ragi,2007
IN.ADM2.00274,ragi,2008
IN.ADM2.00274,ragi,2009
IN.ADM2.00275,cottonlint,1997
IN.ADM2.00275,sesamum,2008
IN.ADM2.00276,maize,2007
IN.ADM2.00276,maize,2008
IN.ADM2.00276,maize,2009
IN.ADM2.00276,maize,2010
IN.ADM2.00276,sesamum,1998
IN.ADM2.00276,sesamum,1999
IN.ADM2.00276,sesamum,2000
IN.ADM2.00276,sesamum,2001
IN.ADM2.00276,sesamum,2002
IN.ADM2.00276,sesamum,2003
IN.ADM2.00276,sesamum,2004
IN.ADM2.00276,sesamum,2005
IN.ADM2.00276,sesamum,2006
IN.ADM2.00276,sesamum,2007
IN.ADM2.00276,sesamum,2008
IN.ADM2.00277,cottonlint,1997
IN.ADM2.00277,rice,2022
IN.ADM2.00277,sesamum,2003
IN.ADM2.00277,sesamum,2008
IN.ADM2.00277,sugarcane,1997
IN.ADM2.00278,maize,2007
IN.ADM2.00278,maize,2008
IN.ADM2.00278,maize,2009
IN.ADM2.00278,maize,2010
IN.ADM2.00278,maize,2011
IN.ADM2.00278,rapeseed_mustard,1999
IN.ADM2.00278,rapeseed_mustard,2000
IN.ADM2.00278,rapeseed_mustard,2001
IN.ADM2.00278,rapeseed_mustard,2002
IN.ADM2.00278,rapeseed_mustard,2004
IN.ADM2.00278,rapeseed_mustard,2005
IN.ADM2.00278,rapeseed_mustard,2006
IN.ADM2.00278,rapeseed_mustard,2007
IN.ADM2.00278,rapeseed_mustard,2008
IN.ADM2.00278,rapeseed_mustard,2009
IN.ADM2.00278,rapeseed_mustard,2010
IN.ADM2.00278,rapeseed_mustard,2011
IN.ADM2.00278,rapeseed_mustard,2012
IN.ADM2.00278,sesamum,2001
IN.ADM2.00278,sesamum,2002
IN.ADM2.00278,sesamum,2003
IN.ADM2.00278,sesamum,2004
IN.ADM2.00278,wheat,2002
IN.ADM2.00278,wheat,2003
IN.ADM2.00278,wheat,2004
IN.ADM2.00278,wheat,2005
IN.ADM2.00278,wheat,2006
IN.ADM2.00278,wheat,2007
IN.ADM2.00278,wheat,2008
IN.ADM2.00278,wheat,2009
IN.ADM2.00279,cottonlint,1997
IN.ADM2.00279,rice,2004
IN.ADM2.00279,rice,2005
IN.ADM2.00279,rice,2006
IN.ADM2.00279,rice,2007
IN.ADM2.00279,sesamum,2008
IN.ADM2.00280,cottonlint,1997
IN.ADM2.00281,wheat,2015
IN.ADM2.00281,wheat,2016
IN.ADM2.00281,wheat,2017
IN.ADM2.00281,wheat,2018
IN.ADM2.00282,groundnut,2013
IN.ADM2.00282,groundnut,2014
IN.ADM2.00282,groundnut,2015
IN.ADM2.00282,groundnut,2016
IN.ADM2.00282,rice,2020
IN.ADM2.00282,soyabean,2009
IN.ADM2.00282,soyabean,2013
IN.ADM2.00282,soyabean,2014
IN.ADM2.00282,soyabean,2015
IN.ADM2.00282,soyabean,2016
IN.ADM2.00282,sugarcane,2015
IN.ADM2.00282,sugarcane,2016
IN.ADM2.00282,sugarcane,2017
IN.ADM2.00282,sugarcane,2018
IN.ADM2.00283,sugarcane,2015
IN.ADM2.00283,sugarcane,2016
IN.ADM2.00283,sugarcane,2017
IN.ADM2.00283,sugarcane,2018
IN.ADM2.00283,wheat,2009
IN.ADM2.00284,soyabean,2009
IN.ADM2.00284,wheat,2015
IN.ADM2.00284,wheat,2016
IN.ADM2.00284,wheat,2017
IN.ADM2.00284,wheat,2018
IN.ADM2.00285,maize,1997
IN.ADM2.00285,rice,2020
IN.ADM2.00285,sugarcane,2015
IN.ADM2.00285,sugarcane,2016
IN.ADM2.00285,sugarcane,2017
IN.ADM2.00285,sugarcane,2018
IN.ADM2.00285,wheat,2009
IN.ADM2.00286,rice,2007
IN.ADM2.00286,sugarcane,2015
IN.ADM2.00286,sugarcane,2016
IN.ADM2.00286,sugarcane,2017
IN.ADM2.00286,sugarcane,2018
IN.ADM2.00287,sugarcane,2015
IN.ADM2.00287,sugarcane,2016
IN.ADM2.00287,sugarcane,2017
IN.ADM2.00287,sugarcane,2018
IN.ADM2.00287,wheat,2015
IN.ADM2.00287,wheat,2016
IN.ADM2.00287,wheat,2017
IN.ADM2.00287,wheat,2018
IN.ADM2.00288,sugarcane,2015
IN.ADM2.00288,sugarcane,2016
IN.ADM2.00288,sugarcane,2017
IN.ADM2.00288,sugarcane,2018
IN.ADM2.00289,potato,2006
IN.ADM2.00289,wheat,1998
IN.ADM2.00289,wheat,2017
IN.ADM2.00289,wheat,2018
IN.ADM2.00289,wheat,2019
IN.ADM2.00289,wheat,2020
IN.ADM2.00291,sugarcane,2004
IN.ADM2.00291,sugarcane,2005
IN.ADM2.00291,sugarcane,2006
IN.ADM2.00291,sugarcane,2007
IN.ADM2.00291,sugarcane,2008
IN.ADM2.00291,sugarcane,2015
IN.ADM2.00291,sugarcane,2016
IN.ADM2.00291,sugarcane,2017
IN.ADM2.00291,sugarcane,2018
IN.ADM2.00291,sugarcane,2019
IN.ADM2.00291,sugarcane,2020
IN.ADM2.00293,sesamum,2015
IN.ADM2.00293,sesamum,2016
IN.ADM2.00293,sesamum,2017
IN.ADM2.00293,sesamum,2018
IN.ADM2.00293,sugarcane,1999
IN.ADM2.00293,sugarcane,2000
IN.ADM2.00293,sugarcane,2001
IN.ADM2.00293,sugarcane,2002
IN.ADM2.00293,sugarcane,2003
IN.ADM2.00293,sugarcane,2004
IN.ADM2.00293,sugarcane,2005
IN.ADM2.00293,sugarcane,2006
IN.ADM2.00293,sugarcane,2007
IN.ADM2.00293,sugarcane,2008
IN.ADM2.00293,sugarcane,2015
IN.ADM2.00293,sugarcane,2016
IN.ADM2.00293,sugarcane,2017
IN.ADM2.00293,sugarcane,2018
IN.ADM2.00293,sugarcane,2019
IN.ADM2.00293,sugarcane,2020
IN.ADM2.00293,wheat,2005
IN.ADM2.00293,wheat,2006
IN.ADM2.00293,wheat,2007
IN.ADM2.00293,wheat,2008
IN.ADM2.00293,wheat,2009
IN.ADM2.00293,wheat,2010
IN.ADM2.00293,wheat,2011
IN.ADM2.00293,wheat,2012
IN.ADM2.00293,wheat,2015
IN.ADM2.00293,wheat,2016
IN.ADM2.00293,wheat,2017
IN.ADM2.00293,wheat,2018
IN.ADM2.00293,wheat,2019
IN.ADM2.00293,wheat,2020
IN.ADM2.00294,arhartur,2000
IN.ADM2.00294,maize,2007
IN.ADM2.00294,rice,2006
IN.ADM2.00294,rice,2007
IN.ADM2.00296,rice,2007
IN.ADM2.00296,soyabean,2000
IN.ADM2.00297,bajra,2002
IN.ADM2.00297,bajra,2016
IN.ADM2.00297,bajra,2017
IN.ADM2.00297,bajra,2018
IN.ADM2.00297,bajra,2019
IN.ADM2.00297,bajra,2020
IN.ADM2.00297,barley,2017
IN.ADM2.00297,barley,2018
IN.ADM2.00297,barley,2019
IN.ADM2.00297,barley,2020
IN.ADM2.00297,cottonlint,2002
IN.ADM2.00297,cottonlint,2015
IN.ADM2.00297,cottonlint,2016
IN.ADM2.00297,cottonlint,2017
IN.ADM2.00297,cottonlint,2018
IN.ADM2.00297,cottonlint,2019
IN.ADM2.00297,groundnut,2003
IN.ADM2.00297,jowar,2010
IN.ADM2.00297,jowar,2011
IN.ADM2.00297,jowar,2012
IN.ADM2.00297,jowar,2013
IN.ADM2.00297,jowar,2014
IN.ADM2.00297,jowar,2015
IN.ADM2.00297,jowar,2016
IN.ADM2.00297,jowar,2017
IN.ADM2.00297,jowar,2018
IN.ADM2.00297,jowar,2019
IN.ADM2.00297,jowar,2020
IN.ADM2.00297,ragi,2010
IN.ADM2.00297,ragi,2011
IN.ADM2.00297,ragi,2012
IN.ADM2.00297,ragi,2013
IN.ADM2.00297,ragi,2014
IN.ADM2.00297,ragi,2017
IN.ADM2.00297,ragi,2018
IN.ADM2.00297,ragi,2019
IN.ADM2.00297,ragi,2020
IN.ADM2.00297,rice,2023
IN.ADM2.00297,soyabean,2001
IN.ADM2.00298,arhartur,2016
IN.ADM2.00298,arhartur,2017
IN.ADM2.00298,arhartur,2018
IN.ADM2.00298,arhartur,2019
IN.ADM2.00298,bajra,2012
IN.ADM2.00298,bajra,2013
IN.ADM2.00298,bajra,2014
IN.ADM2.00298,bajra,2015
IN.ADM2.00298,bajra,2016
IN.ADM2.00298,bajra,2017
IN.ADM2.00298,bajra,2018
IN.ADM2.00298,bajra,2019
IN.ADM2.00298,bajra,2020
IN.ADM2.00298,barley,2013
IN.ADM2.00298,barley,2014
IN.ADM2.00298,barley,2015
IN.ADM2.00298,barley,2016
IN.ADM2.00298,barley,2017
IN.ADM2.00298,barley,2018
IN.ADM2.00298,barley,2019
IN.ADM2.00298,barley,2020
IN.ADM2.00298,groundnut,2003
IN.ADM2.00298,groundnut,2013
IN.ADM2.00298,groundnut,2014
IN.ADM2.00298,groundnut,2015
IN.ADM2.00298,groundnut,2016
IN.ADM2.00298,ragi,2013
IN.ADM2.00298,ragi,2014
IN.ADM2.00298,ragi,2015
IN.ADM2.00298,ragi,2016
IN.ADM2.00298,ragi,2017
IN.ADM2.00298,ragi,2018
IN.ADM2.00298,ragi,2019
IN.ADM2.00298,ragi,2020
IN.ADM2.00298,sesamum,2003
IN.ADM2.00298,sesamum,2010
IN.ADM2.00298,sesamum,2011
IN.ADM2.00298,sesamum,2012
IN.ADM2.00298,sesamum,2013
IN.ADM2.00298,sesamum,2014
IN.ADM2.00298,sesamum,2015
IN.ADM2.00298,soyabean,2004
IN.ADM2.00299,arhartur,2003
IN.ADM2.00299,arhartur,2016
IN.ADM2.00299,arhartur,2017
IN.ADM2.00299,arhartur,2018
IN.ADM2.00299,arhartur,2019
IN.ADM2.00299,bajra,2012
IN.ADM2.00299,bajra,2013
IN.ADM2.00299,bajra,2014
IN.ADM2.00299,bajra,2015
IN.ADM2.00299,bajra,2016
IN.ADM2.00299,bajra,2017
IN.ADM2.00299,bajra,2018
IN.ADM2.00299,bajra,2019
IN.ADM2.00299,bajra,2020
IN.ADM2.00299,barley,2012
IN.ADM2.00299,barley,2013
IN.ADM2.00299,barley,2014
IN.ADM2.00299,barley,2015
IN.ADM2.00299,barley,2016
IN.ADM2.00299,barley,2017
IN.ADM2.00299,barley,2018
IN.ADM2.00299,barley,2019
IN.ADM2.00299,barley,2020
IN.ADM2.00299,groundnut,1999
IN.ADM2.00299,groundnut,2010
IN.ADM2.00299,groundnut,2011
IN.ADM2.00299,groundnut,2012
IN.ADM2.00299,groundnut,2013
IN.ADM2.00299,groundnut,2014
IN.ADM2.00299,groundnut,2015
IN.ADM2.00299,groundnut,2016
IN.ADM2.00299,groundnut,2017
IN.ADM2.00299,groundnut,2018
IN.ADM2.00299,jowar,2012
IN.ADM2.00299,jowar,2013
IN.ADM2.00299,jowar,2014
IN.ADM2.00299,jowar,2015
IN.ADM2.00299,jowar,2016
IN.ADM2.00299,jowar,2017
IN.ADM2.00299,jowar,2018
IN.ADM2.00299,jowar,2019
IN.ADM2.00299,jowar,2020
IN.ADM2.00299,ragi,2009
IN.ADM2.00299,ragi,2010
IN.ADM2.00299,ragi,2011
IN.ADM2.00299,ragi,2012
IN.ADM2.00299,ragi,2013
IN.ADM2.00299,ragi,2014
IN.ADM2.00299,ragi,2015
IN.ADM2.00299,ragi,2016
IN.ADM2.00299,ragi,2017
IN.ADM2.00299,ragi,2018
IN.ADM2.00299,ragi,2019
IN.ADM2.00299,ragi,2020
IN.ADM2.00299,sesamum,2010
IN.ADM2.00299,sesamum,2011
IN.ADM2.00299,sesamum,2012
IN.ADM2.00299,sesamum,2013
IN.ADM2.00299,sesamum,2014
IN.ADM2.00299,sesamum,2015
IN.ADM2.00299,sesamum,2016
IN.ADM2.00299,sugarcane,2002
IN.ADM2.00300,arhartur,2016
IN.ADM2.00300,arhartur,2017
IN.ADM2.00300,arhartur,2018
IN.ADM2.00300,arhartur,2019
IN.ADM2.00300,bajra,2012
IN.ADM2.00300,bajra,2013
IN.ADM2.00300,bajra,2014
IN.ADM2.00300,bajra,2015
IN.ADM2.00300,bajra,2016
IN.ADM2.00300,bajra,2017
IN.ADM2.00300,bajra,2018
IN.ADM2.00300,bajra,2019
IN.ADM2.00300,bajra,2020
IN.ADM2.00300,barley,2013
IN.ADM2.00300,barley,2014
IN.ADM2.00300,barley,2015
IN.ADM2.00300,barley,2016
IN.ADM2.00300,barley,2017
IN.ADM2.00300,barley,2018
IN.ADM2.00300,barley,2019
IN.ADM2.00300,barley,2020
IN.ADM2.00300,cottonlint,2002
IN.ADM2.00300,cottonlint,2006
IN.ADM2.00300,cottonlint,2007
IN.ADM2.00300,cottonlint,2008
IN.ADM2.00300,cottonlint,2009
IN.ADM2.00300,cottonlint,2010
IN.ADM2.00300,cottonlint,2011
IN.ADM2.00300,cottonlint,2013
IN.ADM2.00300,cottonlint,2014
IN.ADM2.00300,cottonlint,2015
IN.ADM2.00300,cottonlint,2016
IN.ADM2.00300,cottonlint,2017
IN.ADM2.00300,cottonlint,2018
IN.ADM2.00300,groundnut,2010
IN.ADM2.00300,groundnut,2011
IN.ADM2.00300,groundnut,2012
IN.ADM2.00300,groundnut,2013
IN.ADM2.00300,groundnut,2014
IN.ADM2.00300,jowar,2010
IN.ADM2.00300,jowar,2011
IN.ADM2.00300,jowar,2012
IN.ADM2.00300,jowar,2013
IN.ADM2.00300,jowar,2014
IN.ADM2.00300,jowar,2015
IN.ADM2.00300,jowar,2016
IN.ADM2.00300,jowar,2017
IN.ADM2.00300,maize,2009
IN.ADM2.00300,rapeseed_mustard,2002
IN.ADM2.00300,rapeseed_mustard,2015
IN.ADM2.00300,rapeseed_mustard,2016
IN.ADM2.00300,rapeseed_mustard,2017
IN.ADM2.00300,rapeseed_mustard,2018
IN.ADM2.00300,rice,2023
IN.ADM2.00300,sesamum,2004
IN.ADM2.00300,sesamum,2010
IN.ADM2.00300,sesamum,2011
IN.ADM2.00300,sesamum,2012
IN.ADM2.00300,sesamum,2013
IN.ADM2.00300,sesamum,2014
IN.ADM2.00300,sesamum,2015
IN.ADM2.00300,wheat,2003
IN.ADM2.00301,arhartur,2016
IN.ADM2.00301,arhartur,2017
IN.ADM2.00301,arhartur,2018
IN.ADM2.00301,arhartur,2019
IN.ADM2.00301,bajra,2012
IN.ADM2.00301,bajra,2013
IN.ADM2.00301,bajra,2014
IN.ADM2.00301,bajra,2015
IN.ADM2.00301,barley,2012
IN.ADM2.00301,barley,2013
IN.ADM2.00301,barley,2014
IN.ADM2.00301,barley,2015
IN.ADM2.00301,barley,2016
IN.ADM2.00301,barley,2017
IN.ADM2.00301,barley,2018
IN.ADM2.00301,barley,2019
IN.ADM2.00301,barley,2020
IN.ADM2.00301,groundnut,2002
IN.ADM2.00301,groundnut,2013
IN.ADM2.00301,groundnut,2014
IN.ADM2.00301,groundnut,2015
IN.ADM2.00301,groundnut,2016
IN.ADM2.00301,groundnut,2017
IN.ADM2.00301,groundnut,2018
IN.ADM2.00301,ragi,2011
IN.ADM2.00301,ragi,2012
IN.ADM2.00301,ragi,2013
IN.ADM2.00301,ragi,2014
IN.ADM2.00301,ragi,2015
IN.ADM2.00301,ragi,2016
IN.ADM2.00301,ragi,2017
IN.ADM2.00301,sesamum,2004
IN.ADM2.00301,sesamum,2012
IN.ADM2.00301,sesamum,2013
IN.ADM2.00301,sesamum,2014
IN.ADM2.00301,sesamum,2015
IN.ADM2.00302,arhartur,2016
IN.ADM2.00302,arhartur,2017
IN.ADM2.00302,arhartur,2018
IN.ADM2.00302,arhartur,2019
IN.ADM2.00302,bajra,2012
IN.ADM2.00302,bajra,2013
IN.ADM2.00302,bajra,2014
IN.ADM2.00302,bajra,2015
IN.ADM2.00302,bajra,2016
IN.ADM2.00302,bajra,2017
IN.ADM2.00302,bajra,2018
IN.ADM2.00302,bajra,2019
IN.ADM2.00302,bajra,2020
IN.ADM2.00302,barley,2012
IN.ADM2.00302,barley,2013
IN.ADM2.00302,barley,2014
IN.ADM2.00302,barley,2015
IN.ADM2.00302,barley,2016
IN.ADM2.00302,barley,2017
IN.ADM2.00302,barley,2018
IN.ADM2.00302,barley,2019
IN.ADM2.00302,barley,2020
IN.ADM2.00302,groundnut,1999
IN.ADM2.00302,groundnut,2010
IN.ADM2.00302,groundnut,2011
IN.ADM2.00302,groundnut,2012
IN.ADM2.00302,groundnut,2013
IN.ADM2.00302,groundnut,2014
IN.ADM2.00302,groundnut,2015
IN.ADM2.00302,groundnut,2016
IN.ADM2.00302,groundnut,2017
IN.ADM2.00302,groundnut,2018
IN.ADM2.00302,jowar,2014
IN.ADM2.00302,jowar,2015
IN.ADM2.00302,jowar,2016
IN.ADM2.00302,jowar,2017
IN.ADM2.00302,maize,1999
IN.ADM2.00302,ragi,2009
IN.ADM2.00302,ragi,2010
IN.ADM2.00302,ragi,2011
IN.ADM2.00302,ragi,2012
IN.ADM2.00302,ragi,2013
IN.ADM2.00302,ragi,2014
IN.ADM2.00302,ragi,2015
IN.ADM2.00302,ragi,2016
IN.ADM2.00302,ragi,2017
IN.ADM2.00302,ragi,2018
IN.ADM2.00302,ragi,2019
IN.ADM2.00302,ragi,2020
IN.ADM2.00302,rapeseed_mustard,2015
IN.ADM2.00302,rapeseed_mustard,2016
IN.ADM2.00302,rapeseed_mustard,2017
IN.ADM2.00302,rapeseed_mustard,2018
IN.ADM2.00302,sesamum,2003
IN.ADM2.00302,wheat,2003
IN.ADM2.00303,arhartur,2013
IN.ADM2.00303,arhartur,2014
IN.ADM2.00303,arhartur,2015
IN.ADM2.00303,arhartur,2016
IN.ADM2.00303,arhartur,2017
IN.ADM2.00303,arhartur,2018
IN.ADM2.00303,arhartur,2019
IN.ADM2.00303,arhartur,2020
IN.ADM2.00303,bajra,2012
IN.ADM2.00303,bajra,2013
IN.ADM2.00303,bajra,2014
IN.ADM2.00303,bajra,2015
IN.ADM2.00303,bajra,2016
IN.ADM2.00303,bajra,2017
IN.ADM2.00303,bajra,2018
IN.ADM2.00303,bajra,2019
IN.ADM2.00303,bajra,2020
IN.ADM2.00303,barley,2013
IN.ADM2.00303,barley,2014
IN.ADM2.00303,barley,2015
IN.ADM2.00303,barley,2016
IN.ADM2.00303,barley,2017
IN.ADM2.00303,barley,2018
IN.ADM2.00303,barley,2019
IN.ADM2.00303,barley,2020
IN.ADM2.00303,jowar,2013
IN.ADM2.00303,jowar,2014
IN.ADM2.00303,jowar,2015
IN.ADM2.00303,jowar,2016
IN.ADM2.00303,jowar,2017
IN.ADM2.00303,jowar,2018
IN.ADM2.00303,jowar,2019
IN.ADM2.00303,jowar,2020
IN.ADM2.00303,potato,2007
IN.ADM2.00303,rapeseed_mustard,2015
IN.ADM2.00303,rapeseed_mustard,2016
IN.ADM2.00303,rapeseed_mustard,2017
IN.ADM2.00303,rapeseed_mustard,2018
IN.ADM2.00303,sesamum,2003
IN.ADM2.00303,sesamum,2013
IN.ADM2.00303,sesamum,2014
IN.ADM2.00303,sesamum,2015
IN.ADM2.00303,sesamum,2016
IN.ADM2.00303,sesamum,2017
IN.ADM2.00303,sesamum,2018
IN.ADM2.00303,wheat,2006
IN.ADM2.00310,potato,2012
IN.ADM2.00310,rapeseed_mustard,1999
IN.ADM2.00310,sesamum,2019
IN.ADM2.00312,rapeseed_mustard,2017
IN.ADM2.00316,maize,1999
IN.ADM2.00317,ragi,2007
IN.ADM2.00317,ragi,2008
IN.ADM2.00317,ragi,2009
IN.ADM2.00317,ragi,2010
IN.ADM2.00319,sesamum,2019
IN.ADM2.00319,sesamum,2020
IN.ADM2.00319,sesamum,2021
IN.ADM2.00319,sesamum,2022
IN.ADM2.00321,maize,2012
IN.ADM2.00321,maize,2013
IN.ADM2.00321,maize,2014
IN.ADM2.00321,maize,2015
IN.ADM2.00321,rapeseed_mustard,2001
IN.ADM2.00321,rapeseed_mustard,2002
IN.ADM2.00321,rapeseed_mustard,2003
IN.ADM2.00321,rapeseed_mustard,2004
IN.ADM2.00321,rapeseed_mustard,2005
IN.ADM2.00321,rapeseed_mustard,2006
IN.ADM2.00321,rapeseed_mustard,2007
IN.ADM2.00321,rapeseed_mustard,2008
IN.ADM2.00321,sugarcane,2009
IN.ADM2.00324,arhartur,1999
IN.ADM2.00324,arhartur,2000
IN.ADM2.00324,arhartur,2001
IN.ADM2.00324,arhartur,2002
IN.ADM2.00324,arhartur,2003
IN.ADM2.00324,arhartur,2004
IN.ADM2.00324,arhartur,2005
IN.ADM2.00324,arhartur,2006
IN.ADM2.00324,arhartur,2007
IN.ADM2.00324,arhartur,2008
IN.ADM2.00324,arhartur,2009
IN.ADM2.00324,groundnut,2002
IN.ADM2.00324,groundnut,2003
IN.ADM2.00324,groundnut,2004
IN.ADM2.00324,groundnut,2005
IN.ADM2.00324,jowar,2006
IN.ADM2.00324,jowar,2007
IN.ADM2.00324,jowar,2008
IN.ADM2.00324,jowar,2009
IN.ADM2.00324,sesamum,2019
IN.ADM2.00324,sesamum,2020
IN.ADM2.00324,sesamum,2021
IN.ADM2.00324,sesamum,2022
IN.ADM2.00324,sugarcane,2009
IN.ADM2.00325,rapeseed_mustard,1998
IN.ADM2.00325,sugarcane,2009
IN.ADM2.00325,wheat,2014
IN.ADM2.00328,rapeseed_mustard,2001
IN.ADM2.00328,rapeseed_mustard,2002
IN.ADM2.00328,rapeseed_mustard,2003
IN.ADM2.00328,rapeseed_mustard,2004
IN.ADM2.00328,rapeseed_mustard,2005
IN.ADM2.00328,rapeseed_mustard,2006
IN.ADM2.00328,rapeseed_mustard,2007
IN.ADM2.00328,rapeseed_mustard,2008
IN.ADM2.00328,rapeseed_mustard,2009
IN.ADM2.00328,rapeseed_mustard,2010
IN.ADM2.00328,rapeseed_mustard,2011
IN.ADM2.00328,sugarcane,2009
IN.ADM2.00329,arhartur,2012
IN.ADM2.00329,rapeseed_mustard,2006
IN.ADM2.00329,rapeseed_mustard,2007
IN.ADM2.00329,rapeseed_mustard,2008
IN.ADM2.00329,rapeseed_mustard,2009
IN.ADM2.00329,rice,2004
IN.ADM2.00329,sugarcane,2009
IN.ADM2.00331,arhartur,2009
IN.ADM2.00331,arhartur,2015
IN.ADM2.00331,arhartur,2016
IN.ADM2.00331,arhartur,2017
IN.ADM2.00331,arhartur,2018
IN.ADM2.00331,arhartur,2019
IN.ADM2.00331,arhartur,2020
IN.ADM2.00331,arhartur,2021
IN.ADM2.00331,arhartur,2022
IN.ADM2.00331,rapeseed_mustard,2002
IN.ADM2.00331,rapeseed_mustard,2005
IN.ADM2.00331,rapeseed_mustard,2006
IN.ADM2.00331,rapeseed_mustard,2007
IN.ADM2.00331,rapeseed_mustard,2008
IN.ADM2.00331,rapeseed_mustard,2009
IN.ADM2.00331,rapeseed_mustard,2010
IN.ADM2.00331,rapeseed_mustard,2011
IN.ADM2.00331,rapeseed_mustard,2012
IN.ADM2.00331,rapeseed_mustard,2013
IN.ADM2.00331,sugarcane,2009
IN.ADM2.00332,arhartur,2010
IN.ADM2.00332,arhartur,2011
IN.ADM2.00332,arhartur,2012
IN.ADM2.00332,arhartur,2013
IN.ADM2.00332,arhartur,2016
IN.ADM2.00332,arhartur,2017
IN.ADM2.00332,arhartur,2018
IN.ADM2.00332,arhartur,2019
IN.ADM2.00332,arhartur,2020
IN.ADM2.00332,arhartur,2021
IN.ADM2.00332,arhartur,2022
IN.ADM2.00332,bajra,1997
IN.ADM2.00332,bajra,1998
IN.ADM2.00332,bajra,1999
IN.ADM2.00332,bajra,2000
IN.ADM2.00332,bajra,2003
IN.ADM2.00332,bajra,2004
IN.ADM2.00332,bajra,2005
IN.ADM2.00332,bajra,2006
IN.ADM2.00332,bajra,2007
IN.ADM2.00332,bajra,2008
IN.ADM2.00332,bajra,2009
IN.ADM2.00332,groundnut,1997
IN.ADM2.00332,groundnut,1998
IN.ADM2.00332,groundnut,1999
IN.ADM2.00332,groundnut,2000
IN.ADM2.00332,sugarcane,2009
IN.ADM2.00333,arhartur,2018
IN.ADM2.00333,arhartur,2019
IN.ADM2.00333,arhartur,2020
IN.ADM2.00333,arhartur,2021
IN.ADM2.00334,arhartur,2004
IN.ADM2.00334,soyabean,2016
IN.ADM2.00334,soyabean,2017
IN.ADM2.00334,soyabean,2018
IN.ADM2.00334,soyabean,2019
IN.ADM2.00334,soyabean,2020
IN.ADM2.00335,arhartur,1998
IN.ADM2.00335,potato,2006
IN.ADM2.00335,potato,2022
IN.ADM2.00336,bajra,2022
IN.ADM2.00336,sesamum,2003
IN.ADM2.00337,arhartur,2002
IN.ADM2.00337,bajra,2002
IN.ADM2.00337,groundnut,2014
IN.ADM2.00337,groundnut,2015
IN.ADM2.00337,groundnut,2016
IN.ADM2.00337,groundnut,2017
IN.ADM2.00337,groundnut,2018
IN.ADM2.00337,sugarcane,2011
IN.ADM2.00338,rice,2023
IN.ADM2.00338,sugarcane,2013
IN.ADM2.00340,maize,2019
IN.ADM2.00340,wheat,2014
IN.ADM2.00343,arhartur,2007
IN.ADM2.00343,arhartur,2008
IN.ADM2.00343,arhartur,2009
IN.ADM2.00343,arhartur,2010
IN.ADM2.00343,arhartur,2011
IN.ADM2.00343,arhartur,2012
IN.ADM2.00343,arhartur,2013
IN.ADM2.00343,bajra,2004
IN.ADM2.00343,barley,2008
IN.ADM2.00343,sesamum,2010
IN.ADM2.00344,cottonlint,2016
IN.ADM2.00344,rapeseed_mustard,2008
IN.ADM2.00347,barley,2012
IN.ADM2.00348,barley,2012
IN.ADM2.00348,cottonlint,2001
IN.ADM2.00349,rapeseed_mustard,2017
IN.ADM2.00349,rice,2011
IN.ADM2.00349,sugarcane,1997
IN.ADM2.00357,potato,2015
IN.ADM2.00357,potato,2016
IN.ADM2.00357,potato,2017
IN.ADM2.00357,potato,2018
IN.ADM2.00357,potato,2019
IN.ADM2.00360,maize,2008
IN.ADM2.00360,rapeseed_mustard,2004
IN.ADM2.00360,rice,2004
IN.ADM2.00360,soyabean,2002
IN.ADM2.00361,maize,1998
IN.ADM2.00361,rapeseed_mustard,2009
IN.ADM2.00361,rice,2005
IN.ADM2.00361,soyabean,2007
IN.ADM2.00362,maize,2005
IN.ADM2.00362,maize,2010
IN.ADM2.00362,rapeseed_mustard,1998
IN.ADM2.00362,rice,2023
IN.ADM2.00362,soyabean,2005
IN.ADM2.00363,rapeseed_mustard,2021
IN.ADM2.00363,rice,2005
IN.ADM2.00363,rice,2006
IN.ADM2.00363,soyabean,2006
IN.ADM2.00364,sugarcane,1997
IN.ADM2.00365,cottonlint,2014
IN.ADM2.00365,ragi,2010
IN.ADM2.00365,sugarcane,1997
IN.ADM2.00366,cottonlint,2017
IN.ADM2.00366,groundnut,2016
IN.ADM2.00366,maize,2016
IN.ADM2.00366,ragi,2016
IN.ADM2.00366,rapeseed_mustard,2020
IN.ADM2.00366,sesamum,2016
IN.ADM2.00366,sugarcane,1997
IN.ADM2.00367,cottonlint,2017
IN.ADM2.00367,sugarcane,1997
IN.ADM2.00368,maize,2016
IN.ADM2.00368,sugarcane,1997
IN.ADM2.00369,cottonlint,2017
IN.ADM2.00369,jowar,2014
IN.ADM2.00369,sesamum,2014
IN.ADM2.00369,sugarcane,1997
IN.ADM2.00373,sugarcane,1997
IN.ADM2.00374,cottonlint,2017
IN.ADM2.00374,jowar,2014
IN.ADM2.00374,sugarcane,1997
IN.ADM2.00376,sugarcane,1997
IN.ADM2.00377,cottonlint,2013
IN.ADM2.00377,sugarcane,1997
IN.ADM2.00378,arhartur,2019
IN.ADM2.00378,cottonlint,2017
IN.ADM2.00378,jowar,2014
IN.ADM2.00378,sugarcane,1997
IN.ADM2.00379,cottonlint,2017
IN.ADM2.00379,sugarcane,1997
IN.ADM2.00383,arhartur,2018
IN.ADM2.00383,arhartur,2019
IN.ADM2.00383,arhartur,2020
IN.ADM2.00383,arhartur,2021
IN.ADM2.00383,rice,2013
IN.ADM2.00383,sugarcane,1997
IN.ADM2.00384,cottonlint,2017
IN.ADM2.00384,jowar,2014
IN.ADM2.00384,sugarcane,1997
IN.ADM2.00387,cottonlint,2003
IN.ADM2.00387,sesamum,2011
IN.ADM2.00387,sugarcane,2003
IN.ADM2.00388,barley,2014
IN.ADM2.00388,cottonlint,2019
IN.ADM2.00388,jowar,2014
IN.ADM2.00388,wheat,2014
IN.ADM2.00390,rapeseed_mustard,2014
IN.ADM2.00390,rice,2015
IN.ADM2.00391,barley,2005
IN.ADM2.00391,groundnut,2012
IN.ADM2.00391,groundnut,2013
IN.ADM2.00391,groundnut,2014
IN.ADM2.00391,groundnut,2015
IN.ADM2.00391,rice,2002
IN.ADM2.00392,barley,2014
IN.ADM2.00392,rapeseed_mustard,2014
IN.ADM2.00392,rice,2004
IN.ADM2.00392,wheat,2014
IN.ADM2.00394,barley,2014
IN.ADM2.00394,rapeseed_mustard,2014
IN.ADM2.00394,rice,2004
IN.ADM2.00395,jowar,2015
IN.ADM2.00395,maize,2013
IN.ADM2.00396,potato,2003
IN.ADM2.00396,wheat,2014
IN.ADM2.00397,barley,2014
IN.ADM2.00397,groundnut,2015
IN.ADM2.00397,rapeseed_mustard,2017
IN.ADM2.00397,sesamum,2003
IN.ADM2.00397,wheat,2014
IN.ADM2.00398,potato,2017
IN.ADM2.00399,barley,2014
IN.ADM2.00399,groundnut,2019
IN.ADM2.00399,wheat,2014
IN.ADM2.00400,arhartur,2018
IN.ADM2.00400,barley,2014
IN.ADM2.00400,wheat,2014
IN.ADM2.00401,groundnut,2015
IN.ADM2.00401,jowar,2002
IN.ADM2.00401,wheat,2014
IN.ADM2.00405,cottonlint,2019
IN.ADM2.00405,rice,2015
IN.ADM2.00405,wheat,2014
IN.ADM2.00406,barley,2014
IN.ADM2.00406,rapeseed_mustard,2014
IN.ADM2.00406,wheat,2014
IN.ADM2.00408,barley,2014
IN.ADM2.00408,maize,2019
IN.ADM2.00408,rapeseed_mustard,2014
IN.ADM2.00408,rice,2019
IN.ADM2.00408,wheat,2014
IN.ADM2.00409,wheat,2014
IN.ADM2.00410,bajra,2003
IN.ADM2.00410,barley,2014
IN.ADM2.00410,jowar,2014
IN.ADM2.00410,wheat,2014
IN.ADM2.00412,rice,2004
IN.ADM2.00412,sugarcane,2010
IN.ADM2.00412,wheat,2014
IN.ADM2.00413,rice,2002
IN.ADM2.00414,rapeseed_mustard,2022
IN.ADM2.00414,rice,2015
IN.ADM2.00414,wheat,2014
IN.ADM2.00416,barley,2015
IN.ADM2.00416,rapeseed_mustard,2014
IN.ADM2.00416,wheat,2014
IN.ADM2.00417,sesamum,2006
IN.ADM2.00417,wheat,2014
IN.ADM2.00418,groundnut,2012
IN.ADM2.00418,potato,2017
IN.ADM2.00418,wheat,2014
IN.ADM2.00419,jowar,2020
IN.ADM2.00419,rice,2004
IN.ADM2.00419,wheat,2014
IN.ADM2.00420,barley,2014
IN.ADM2.00420,potato,2017
IN.ADM2.00420,wheat,2014
IN.ADM2.00421,potato,2005
IN.ADM2.00421,wheat,2014
IN.ADM2.00422,wheat,2014
IN.ADM2.00423,barley,2015
IN.ADM2.00423,sesamum,2015
IN.ADM2.00423,wheat,2014
IN.ADM2.00424,potato,2017
IN.ADM2.00424,rice,2022
IN.ADM2.00425,bajra,2007
IN.ADM2.00425,barley,2015
IN.ADM2.00425,sesamum,2016
IN.ADM2.00425,wheat,2014
IN.ADM2.00426,wheat,2005
IN.ADM2.00427,barley,2014
IN.ADM2.00427,jowar,2014
IN.ADM2.00427,maize,2022
IN.ADM2.00427,wheat,2014
IN.ADM2.00429,barley,2014
IN.ADM2.00429,rapeseed_mustard,2014
IN.ADM2.00429,wheat,2014
IN.ADM2.00430,arhartur,2017
IN.ADM2.00430,wheat,2014
IN.ADM2.00433,barley,2014
IN.ADM2.00433,cottonlint,2020
IN.ADM2.00433,groundnut,2017
IN.ADM2.00433,groundnut,2018
IN.ADM2.00433,groundnut,2019
IN.ADM2.00433,groundnut,2020
IN.ADM2.00433,rapeseed_mustard,2014
IN.ADM2.00433,wheat,2014
IN.ADM2.00436,bajra,2003
IN.ADM2.00436,wheat,2014
IN.ADM2.00438,bajra,2021
IN.ADM2.00438,groundnut,2016
IN.ADM2.00438,groundnut,2017
IN.ADM2.00438,groundnut,2018
IN.ADM2.00438,groundnut,2019
IN.ADM2.00438,groundnut,2020
IN.ADM2.00438,rapeseed_mustard,2014
IN.ADM2.00438,wheat,2014
IN.ADM2.00439,rapeseed_mustard,2007
IN.ADM2.00439,sugarcane,2021
IN.ADM2.00439,wheat,2014
IN.ADM2.00440,groundnut,2019
IN.ADM2.00440,wheat,2014
IN.ADM2.00441,barley,2019
IN.ADM2.00441,rapeseed_mustard,2014
IN.ADM2.00441,wheat,2014
IN.ADM2.00442,barley,2014
IN.ADM2.00442,maize,2010
IN.ADM2.00442,sesamum,2001
IN.ADM2.00442,wheat,2014
IN.ADM2.00443,potato,2017
IN.ADM2.00444,bajra,2023
IN.ADM2.00444,barley,2015
IN.ADM2.00444,maize,2023
IN.ADM2.00444,sesamum,2015
IN.ADM2.00444,wheat,2014
IN.ADM2.00445,jowar,1998
IN.ADM2.00445,rapeseed_mustard,2022
IN.ADM2.00448,bajra,2007
IN.ADM2.00448,barley,2015
IN.ADM2.00448,wheat,2014
IN.ADM2.00449,arhartur,2020
IN.ADM2.00449,rice,2002
IN.ADM2.00449,soyabean,2003
IN.ADM2.00451,sesamum,2019
IN.ADM2.00451,sugarcane,2021
IN.ADM2.00452,arhartur,2019
IN.ADM2.00452,bajra,2000
IN.ADM2.00452,bajra,2001
IN.ADM2.00452,bajra,2002
IN.ADM2.00452,bajra,2003
IN.ADM2.00452,maize,2022
IN.ADM2.00453,arhartur,2019
IN.ADM2.00453,maize,2022
IN.ADM2.00453,potato,2008
IN.ADM2.00453,soyabean,1997
IN.ADM2.00453,sugarcane,1999
IN.ADM2.00455,arhartur,2019
IN.ADM2.00455,ragi,2019
IN.ADM2.00455,sesamum,2007
IN.ADM2.00455,soyabean,2006
IN.ADM2.00455,soyabean,2007
IN.ADM2.00455,soyabean,2008
IN.ADM2.00455,soyabean,2009
IN.ADM2.00455,soyabean,2010
IN.ADM2.00455,soyabean,2017
IN.ADM2.00456,groundnut,2019
IN.ADM2.00456,sesamum,2019
IN.ADM2.00456,sugarcane,2007
IN.ADM2.00457,rapeseed_mustard,1998
IN.ADM2.00458,arhartur,2019
IN.ADM2.00458,barley,2004
IN.ADM2.00458,ragi,2005
IN.ADM2.00458,ragi,2006
IN.ADM2.00458,ragi,2007
IN.ADM2.00458,ragi,2008
IN.ADM2.00458,ragi,2009
IN.ADM2.00458,ragi,2023
IN.ADM2.00459,groundnut,2017
IN.ADM2.00459,ragi,2002
IN.ADM2.00459,ragi,2003
IN.ADM2.00459,ragi,2004
IN.ADM2.00459,ragi,2005
IN.ADM2.00459,ragi,2016
IN.ADM2.00460,sesamum,2019
IN.ADM2.00461,maize,2023
IN.ADM2.00462,sugarcane,2007
IN.ADM2.00462,wheat,2015
IN.ADM2.00463,arhartur,2019
IN.ADM2.00463,groundnut,2012
IN.ADM2.00463,sesamum,2019
IN.ADM2.00464,sesamum,2019
IN.ADM2.00464,wheat,2018
IN.ADM2.00465,arhartur,2012
IN.ADM2.00465,bajra,2001
IN.ADM2.00465,groundnut,2009
IN.ADM2.00465,jowar,2002
IN.ADM2.00465,maize,1997
IN.ADM2.00465,ragi,2023
IN.ADM2.00466,rapeseed_mustard,2010
IN.ADM2.00468,potato,2007
IN.ADM2.00470,bajra,1998
IN.ADM2.00470,jowar,2008
IN.ADM2.00470,jowar,2009
IN.ADM2.00470,jowar,2010
IN.ADM2.00470,jowar,2011
IN.ADM2.00470,sugarcane,2010
IN.ADM2.00470,wheat,2014
IN.ADM2.00471,potato,2020
IN.ADM2.00471,rapeseed_mustard,2016
IN.ADM2.00472,arhartur,2012
IN.ADM2.00472,jowar,1999
IN.ADM2.00472,rapeseed_mustard,2009
IN.ADM2.00472,rice,2004
IN.ADM2.00473,arhartur,2017
IN.ADM2.00473,jowar,1999
IN.ADM2.00473,rice,2004
IN.ADM2.00473,sugarcane,1997
IN.ADM2.00473,wheat,2014
IN.ADM2.00474,arhartur,2009
IN.ADM2.00474,maize,2007
IN.ADM2.00474,rapeseed_mustard,2014
IN.ADM2.00477,maize,2014
IN.ADM2.00480,rice,2008
IN.ADM2.00482,rice,2010
IN.ADM2.00484,arhartur,1999
IN.ADM2.00484,ragi,2014
IN.ADM2.00484,sesamum,2014
IN.ADM2.00484,sesamum,2015
IN.ADM2.00484,sesamum,2016
IN.ADM2.00484,sesamum,2017
IN.ADM2.00484,sesamum,2018
IN.ADM2.00484,sesamum,2019
IN.ADM2.00484,sesamum,2020
IN.ADM2.00484,sesamum,2021
IN.ADM2.00484,sugarcane,2018
IN.ADM2.00485,arhartur,1999
IN.ADM2.00485,maize,2019
IN.ADM2.00485,ragi,2014
IN.ADM2.00488,arhartur,2015
IN.ADM2.00488,arhartur,2016
IN.ADM2.00488,arhartur,2017
IN.ADM2.00488,arhartur,2018
IN.ADM2.00488,cottonlint,2014
IN.ADM2.00488,potato,1999
IN.ADM2.00488,potato,2000
IN.ADM2.00488,potato,2001
IN.ADM2.00488,potato,2002
IN.ADM2.00488,potato,2005
IN.ADM2.00488,potato,2009
IN.ADM2.00488,potato,2010
IN.ADM2.00488,potato,2011
IN.ADM2.00488,potato,2012
IN.ADM2.00488,potato,2013
IN.ADM2.00488,soyabean,2002
IN.ADM2.00488,wheat,2014
IN.ADM2.00489,groundnut,2002
IN.ADM2.00489,sugarcane,1997
IN.ADM2.00491,potato,2006
IN.ADM2.00491,potato,2007
IN.ADM2.00491,potato,2008
IN.ADM2.00491,potato,2009
IN.ADM2.00491,potato,2010
IN.ADM2.00491,sesamum,2001
IN.ADM2.00492,cottonlint,2017
IN.ADM2.00492,sugarcane,1997
IN.ADM2.00494,bajra,1997
IN.ADM2.00494,rice,1997
IN.ADM2.00494,sesamum,1997
IN.ADM2.00494,sugarcane,2015
IN.ADM2.00495,cottonlint,2013
IN.ADM2.00495,potato,2017
IN.ADM2.00497,sugarcane,2004
IN.ADM2.00497,wheat,2017
IN.ADM2.00497,wheat,2018
IN.ADM2.00497,wheat,2019
IN.ADM2.00497,wheat,2020
IN.ADM2.00498,arhartur,2015
IN.ADM2.00498,arhartur,2016
IN.ADM2.00498,arhartur,2017
IN.ADM2.00498,arhartur,2018
IN.ADM2.00498,arhartur,2019
IN.ADM2.00498,bajra,2006
IN.ADM2.00498,bajra,2013
IN.ADM2.00498,bajra,2014
IN.ADM2.00498,bajra,2015
IN.ADM2.00498,bajra,2016
IN.ADM2.00498,barley,1999
IN.ADM2.00498,barley,2000
IN.ADM2.00498,barley,2001
IN.ADM2.00498,barley,2002
IN.ADM2.00498,barley,2003
IN.ADM2.00498,sesamum,1999
IN.ADM2.00498,sesamum,2000
IN.ADM2.00498,sesamum,2001
IN.ADM2.00498,sesamum,2002
IN.ADM2.00498,sesamum,2003
IN.ADM2.00498,sugarcane,2010
IN.ADM2.00498,sugarcane,2011
IN.ADM2.00498,wheat,2015
IN.ADM2.00499,arhartur,2018
IN.ADM2.00499,arhartur,2019
IN.ADM2.00499,arhartur,2020
IN.ADM2.00499,arhartur,2021
IN.ADM2.00499,barley,1999
IN.ADM2.00499,barley,2000
IN.ADM2.00499,barley,2001
IN.ADM2.00499,barley,2002
IN.ADM2.00499,barley,2003
IN.ADM2.00499,jowar,1999
IN.ADM2.00499,jowar,2000
IN.ADM2.00499,jowar,2001
IN.ADM2.00499,jowar,2002
IN.ADM2.00499,jowar,2003
IN.ADM2.00499,maize,1999
IN.ADM2.00499,maize,2000
IN.ADM2.00499,maize,2001
IN.ADM2.00499,maize,2002
IN.ADM2.00499,maize,2003
IN.ADM2.00499,potato,2002
IN.ADM2.00499,sugarcane,2010
IN.ADM2.00499,sugarcane,2011
IN.ADM2.00500,potato,2021
IN.ADM2.00501,potato,1997
IN.ADM2.00501,potato,2016
IN.ADM2.00501,potato,2017
IN.ADM2.00501,potato,2018
IN.ADM2.00501,potato,2019
IN.ADM2.00501,potato,2020
IN.ADM2.00501,rice,1997
IN.ADM2.00501,sesamum,2015
IN.ADM2.00501,sesamum,2016
IN.ADM2.00501,sesamum,2017
IN.ADM2.00501,sesamum,2018
IN.ADM2.00501,sesamum,2019
IN.ADM2.00501,sesamum,2020
IN.ADM2.00501,wheat,2007
IN.ADM2.00501,wheat,2008
IN.ADM2.00501,wheat,2009
IN.ADM2.00501,wheat,2010
IN.ADM2.00502,cottonlint,2022
IN.ADM2.00502,potato,2022
IN.ADM2.00503,cottonlint,2022
IN.ADM2.00503,soyabean,2016
IN.ADM2.00503,soyabean,2017
IN.ADM2.00503,soyabean,2018
IN.ADM2.00503,soyabean,2019
IN.ADM2.00503,soyabean,2020
IN.ADM2.00503,sugarcane,1999
IN.ADM2.00503,sugarcane,2000
IN.ADM2.00503,sugarcane,2001
IN.ADM2.00503,sugarcane,2002
IN.ADM2.00503,sugarcane,2003
IN.ADM2.00503,sugarcane,2004
IN.ADM2.00503,sugarcane,2016
IN.ADM2.00503,sugarcane,2017
IN.ADM2.00503,sugarcane,2018
IN.ADM2.00503,sugarcane,2019
IN.ADM2.00503,sugarcane,2020
IN.ADM2.00504,potato,2018
IN.ADM2.00504,rapeseed_mustard,1999
IN.ADM2.00504,sesamum,1999
IN.ADM2.00504,sugarcane,2013
IN.ADM2.00505,maize,2018
IN.ADM2.00505,rapeseed_mustard,1999
IN.ADM2.00505,sesamum,1999
IN.ADM2.00508,groundnut,1999
IN.ADM2.00508,ragi,1999
IN.ADM2.00509,ragi,1999
IN.ADM2.00510,bajra,1997
IN.ADM2.00510,bajra,1998
IN.ADM2.00510,bajra,1999
IN.ADM2.00510,bajra,2000
IN.ADM2.00510,bajra,2002
IN.ADM2.00510,bajra,2003
IN.ADM2.00510,bajra,2004
IN.ADM2.00510,bajra,2005
IN.ADM2.00510,bajra,2006
IN.ADM2.00510,bajra,2007
IN.ADM2.00510,barley,2010
IN.ADM2.00510,barley,2011
IN.ADM2.00510,barley,2012
IN.ADM2.00510,barley,2013
IN.ADM2.00511,bajra,1999
IN.ADM2.00511,bajra,2002
IN.ADM2.00511,bajra,2003
IN.ADM2.00511,bajra,2004
IN.ADM2.00511,bajra,2005
IN.ADM2.00511,bajra,2006
IN.ADM2.00511,bajra,2007
IN.ADM2.00511,bajra,2009
IN.ADM2.00511,bajra,2010
IN.ADM2.00511,bajra,2011
IN.ADM2.00511,bajra,2012
IN.ADM2.00511,bajra,2013
IN.ADM2.00511,barley,2006
IN.ADM2.00511,barley,2007
IN.ADM2.00511,barley,2008
IN.ADM2.00511,barley,2009
IN.ADM2.00511,barley,2010
IN.ADM2.00511,barley,2011
IN.ADM2.00511,barley,2012
IN.ADM2.00511,barley,2013
IN.ADM2.00511,groundnut,2003
IN.ADM2.00511,groundnut,2004
IN.ADM2.00511,groundnut,2005
IN.ADM2.00511,groundnut,2006
IN.ADM2.00511,groundnut,2007
IN.ADM2.00511,groundnut,2008
IN.ADM2.00511,groundnut,2009
IN.ADM2.00511,rapeseed_mustard,2001
IN.ADM2.00511,rapeseed_mustard,2004
IN.ADM2.00511,rapeseed_mustard,2005
IN.ADM2.00511,rapeseed_mustard,2006
IN.ADM2.00511,rapeseed_mustard,2007
IN.ADM2.00511,rapeseed_mustard,2008
IN.ADM2.00511,rapeseed_mustard,2009
IN.ADM2.00511,rapeseed_mustard,2010
IN.ADM2.00511,rapeseed_mustard,2011
IN.ADM2.00511,sugarcane,1997
IN.ADM2.00511,sugarcane,1998
IN.ADM2.00511,sugarcane,1999
IN.ADM2.00511,sugarcane,2000
IN.ADM2.00512,arhartur,2001
IN.ADM2.00512,arhartur,2002
IN.ADM2.00512,arhartur,2003
IN.ADM2.00512,arhartur,2004
IN.ADM2.00512,arhartur,2005
IN.ADM2.00512,arhartur,2006
IN.ADM2.00512,arhartur,2007
IN.ADM2.00512,arhartur,2008
IN.ADM2.00512,arhartur,2009
IN.ADM2.00512,barley,2007
IN.ADM2.00512,barley,2008
IN.ADM2.00512,barley,2009
IN.ADM2.00512,barley,2010
IN.ADM2.00512,cottonlint,2003
IN.ADM2.00512,cottonlint,2004
IN.ADM2.00512,cottonlint,2005
IN.ADM2.00512,cottonlint,2006
IN.ADM2.00512,cottonlint,2015
IN.ADM2.00512,rapeseed_mustard,2001
IN.ADM2.00512,rapeseed_mustard,2002
IN.ADM2.00512,rapeseed_mustard,2003
IN.ADM2.00512,rapeseed_mustard,2004
IN.ADM2.00512,rapeseed_mustard,2005
IN.ADM2.00512,rapeseed_mustard,2006
IN.ADM2.00512,rapeseed_mustard,2007
IN.ADM2.00512,rapeseed_mustard,2008
IN.ADM2.00512,sugarcane,2009
IN.ADM2.00513,arhartur,2002
IN.ADM2.00513,arhartur,2003
IN.ADM2.00513,arhartur,2004
IN.ADM2.00513,arhartur,2005
IN.ADM2.00513,arhartur,2006
IN.ADM2.00513,maize,1999
IN.ADM2.00513,maize,2000
IN.ADM2.00513,maize,2001
IN.ADM2.00513,maize,2002
IN.ADM2.00513,maize,2003
IN.ADM2.00513,maize,2012
IN.ADM2.00513,maize,2013
IN.ADM2.00513,maize,2014
IN.ADM2.00513,maize,2015
IN.ADM2.00513,rapeseed_mustard,2004
IN.ADM2.00513,sugarcane,2009
IN.ADM2.00513,wheat,2021
IN.ADM2.00516,potato,2016
IN.ADM2.00516,ragi,2013
IN.ADM2.00516,rapeseed_mustard,1999
IN.ADM2.00516,sesamum,1999
IN.ADM2.00516,wheat,2017
IN.ADM2.00517,jowar,2000
IN.ADM2.00517,jowar,2001
IN.ADM2.00517,jowar,2002
IN.ADM2.00517,jowar,2003
IN.ADM2.00517,maize,2015
IN.ADM2.00517,sugarcane,2016
IN.ADM2.00518,groundnut,1999
IN.ADM2.00518,rapeseed_mustard,2016
IN.ADM2.00518,sugarcane,2018
IN.ADM2.00518,wheat,2021
IN.ADM2.00519,groundnut,2011
IN.ADM2.00520,rapeseed_mustard,2017
IN.ADM2.00521,rapeseed_mustard,1999
IN.ADM2.00522,maize,2022
IN.ADM2.00523,rapeseed_mustard,1999
IN.ADM2.00525,ragi,2018
IN.ADM2.00525,sesamum,2018
IN.ADM2.00525,sugarcane,2020
IN.ADM2.00526,rapeseed_mustard,1999
IN.ADM2.00526,sesamum,1999
IN.ADM2.00526,sugarcane,2018
IN.ADM2.00527,maize,1999
IN.ADM2.00527,ragi,2020
IN.ADM2.00527,rapeseed_mustard,1999
IN.ADM2.00527,sesamum,2016
IN.ADM2.00528,ragi,2020
IN.ADM2.00529,groundnut,2018
IN.ADM2.00529,rapeseed_mustard,2020
IN.ADM2.00529,sugarcane,2021
IN.ADM2.00530,groundnut,2017
IN.ADM2.00530,rapeseed_mustard,1999
IN.ADM2.00530,sesamum,1999
IN.ADM2.00532,groundnut,2022
IN.ADM2.00532,rapeseed_mustard,1999
IN.ADM2.00532,sesamum,1999
IN.ADM2.00533,jowar,2014
IN.ADM2.00533,sugarcane,1997
IN.ADM2.00534,arhartur,2016
IN.ADM2.00534,cottonlint,2017
IN.ADM2.00534,jowar,2014
IN.ADM2.00534,ragi,2014
IN.ADM2.00534,sesamum,2014
IN.ADM2.00534,sugarcane,1997
IN.ADM2.00536,arhartur,2017
IN.ADM2.00536,arhartur,2018
IN.ADM2.00536,arhartur,2019
IN.ADM2.00536,arhartur,2020
IN.ADM2.00536,maize,1997
IN.ADM2.00536,sugarcane,2012
IN.ADM2.00538,arhartur,2013
IN.ADM2.00538,maize,2018
IN.ADM2.00539,arhartur,2012
IN.ADM2.00541,arhartur,2012
IN.ADM2.00544,rapeseed_mustard,2010
IN.ADM2.00544,sugarcane,2010
IN.ADM2.00544,wheat,2014
IN.ADM2.00546,maize,1999
IN.ADM2.00546,rapeseed_mustard,1999
IN.ADM2.00546,sesamum,1999
IN.ADM2.00548,sesamum,1999
IN.ADM2.00548,sugarcane,2012
IN.ADM2.00549,maize,1999
IN.ADM2.00549,rapeseed_mustard,1999
IN.ADM2.00549,sesamum,1999
IN.ADM2.00549,wheat,1999
IN.ADM2.00550,maize,2002
IN.ADM2.00552,arhartur,2011
IN.ADM2.00552,barley,2008
IN.ADM2.00553,rice,2015
IN.ADM2.00553,wheat,2014
IN.ADM2.00554,rice,2015
IN.ADM2.00554,wheat,2014
IN.ADM2.00555,maize,2023
IN.ADM2.00556,jowar,1998
IN.ADM2.00556,maize,2023
IN.ADM2.00556,rapeseed_mustard,2022
IN.ADM2.00556,rice,2004
IN.ADM2.00557,arhartur,1997
IN.ADM2.00557,arhartur,2000
IN.ADM2.00557,arhartur,2003
IN.ADM2.00557,arhartur,2004
IN.ADM2.00557,arhartur,2005
IN.ADM2.00557,arhartur,2006
IN.ADM2.00557,arhartur,2008
IN.ADM2.00557,arhartur,2009
IN.ADM2.00557,rapeseed_mustard,2001
IN.ADM2.00557,rapeseed_mustard,2002
IN.ADM2.00557,rapeseed_mustard,2003
IN.ADM2.00557,rapeseed_mustard,2004
IN.ADM2.00557,rapeseed_mustard,2005
IN.ADM2.00557,rapeseed_mustard,2006
IN.ADM2.00557,rapeseed_mustard,2007
IN.ADM2.00557,rapeseed_mustard,2008
IN.ADM2.00557,rapeseed_mustard,2009
IN.ADM2.00557,rapeseed_mustard,2010
IN.ADM2.00557,rapeseed_mustard,2011
IN.ADM2.00557,rice,2022
IN.ADM2.00557,sugarcane,2009
IN.ADM2.00558,cottonlint,2003
IN.ADM2.00559,bajra,1999
IN.ADM2.00559,bajra,2000
IN.ADM2.00559,bajra,2001
IN.ADM2.00559,bajra,2002
IN.ADM2.00559,barley,1999
IN.ADM2.00559,barley,2000
IN.ADM2.00559,barley,2001
IN.ADM2.00559,barley,2002
IN.ADM2.00559,barley,2003
IN.ADM2.00559,groundnut,1999
IN.ADM2.00559,groundnut,2000
IN.ADM2.00559,groundnut,2001
IN.ADM2.00559,groundnut,2002
IN.ADM2.00559,groundnut,2003
IN.ADM2.00559,rapeseed_mustard,2010
IN.ADM2.00559,sesamum,1999
IN.ADM2.00559,sesamum,2000
IN.ADM2.00559,sesamum,2001
IN.ADM2.00559,sesamum,2002
IN.ADM2.00559,sesamum,2003
IN.ADM2.00559,sugarcane,2010
IN.ADM2.00559,sugarcane,2011
IN.ADM2.00560,bajra,2004
IN.ADM2.00560,barley,1999
IN.ADM2.00560,barley,2000
IN.ADM2.00560,barley,2001
IN.ADM2.00560,barley,2002
IN.ADM2.00560,barley,2003
IN.ADM2.00560,sesamum,1999
IN.ADM2.00560,sesamum,2000
IN.ADM2.00560,sesamum,2001
IN.ADM2.00560,sesamum,2002
IN.ADM2.00560,sesamum,2003
IN.ADM2.00561,arhartur,2003
IN.ADM2.00561,arhartur,2004
IN.ADM2.00561,arhartur,2005
IN.ADM2.00561,arhartur,2006
IN.ADM2.00562,barley,2003
IN.ADM2.00562,barley,2004
IN.ADM2.00562,barley,2005
IN.ADM2.00562,barley,2006
IN.ADM2.00562,rapeseed_mustard,2001
IN.ADM2.00562,rapeseed_mustard,2002
IN.ADM2.00562,rapeseed_mustard,2003
IN.ADM2.00562,rapeseed_mustard,2004
IN.ADM2.00562,rapeseed_mustard,2005
IN.ADM2.00562,rapeseed_mustard,2006
IN.ADM2.00562,rapeseed_mustard,2007
IN.ADM2.00562,rapeseed_mustard,2008
IN.ADM2.00562,rapeseed_mustard,2009
IN.ADM2.00562,rapeseed_mustard,2010
IN.ADM2.00562,wheat,2008
IN.ADM2.00563,barley,2006
IN.ADM2.00563,barley,2007
IN.ADM2.00563,barley,2008
IN.ADM2.00563,barley,2009
IN.ADM2.00563,barley,2010
IN.ADM2.00564,arhartur,2000
IN.ADM2.00564,arhartur,2001
IN.ADM2.00564,arhartur,2002
IN.ADM2.00564,arhartur,2003
IN.ADM2.00564,arhartur,2004
IN.ADM2.00564,arhartur,2006
IN.ADM2.00564,arhartur,2007
IN.ADM2.00564,arhartur,2008
IN.ADM2.00564,arhartur,2009
IN.ADM2.00564,groundnut,2018
IN.ADM2.00564,groundnut,2019
IN.ADM2.00564,groundnut,2020
IN.ADM2.00564,groundnut,2021
IN.ADM2.00564,rice,2022
IN.ADM2.00564,sesamum,2019
IN.ADM2.00564,sugarcane,2009
IN.ADM2.00565,arhartur,2007
IN.ADM2.00565,arhartur,2008
IN.ADM2.00565,arhartur,2009
IN.ADM2.00565,arhartur,2010
IN.ADM2.00565,arhartur,2011
IN.ADM2.00565,arhartur,2012
IN.ADM2.00565,arhartur,2013
IN.ADM2.00565,maize,2016
IN.ADM2.00565,rapeseed_mustard,2006
IN.ADM2.00565,rapeseed_mustard,2007
IN.ADM2.00565,rapeseed_mustard,2008
IN.ADM2.00565,rapeseed_mustard,2009
IN.ADM2.00565,rapeseed_mustard,2010
IN.ADM2.00565,rapeseed_mustard,2011
IN.ADM2.00565,sesamum,2018
IN.ADM2.00565,sesamum,2019
IN.ADM2.00565,sesamum,2020
IN.ADM2.00565,sesamum,2021
IN.ADM2.00565,sesamum,2022
IN.ADM2.00565,sugarcane,2009
IN.ADM2.00566,sugarcane,1997
IN.ADM2.00567,jowar,2014
IN.ADM2.00567,rice,2013
IN.ADM2.00567,sugarcane,1997
IN.ADM2.00568,sugarcane,1997
IN.ADM2.00569,cottonlint,2003
IN.ADM2.00569,sugarcane,2008
IN.ADM2.00570,cottonlint,2003
IN.ADM2.00570,rice,1998
IN.ADM2.00571,bajra,2019
IN.ADM2.00571,bajra,2020
IN.ADM2.00571,bajra,2021
IN.ADM2.00571,bajra,2022
IN.ADM2.00572,wheat,2014
IN.ADM2.00573,wheat,2014
IN.ADM2.00574,maize,2013
IN.ADM2.00574,sesamum,2018
IN.ADM2.00576,wheat,2014
IN.ADM2.00577,cottonlint,2017
IN.ADM2.00577,maize,2016
IN.ADM2.00577,sugarcane,1997
IN.ADM2.00578,groundnut,2012
IN.ADM2.00578,jowar,2018
IN.ADM2.00578,sesamum,2015
IN.ADM2.00578,sugarcane,1997
IN.ADM2.00027,arhartur,
IN.ADM2.00027,rapeseed_mustard,
IN.ADM2.00028,arhartur,
IN.ADM2.00036,arhartur,
IN.ADM2.00036,rapeseed_mustard,
IN.ADM2.00039,cottonlint,
IN.ADM2.00049,cottonlint,
IN.ADM2.00062,jowar,
IN.ADM2.00066,groundnut,
IN.ADM2.00073,jowar,
IN.ADM2.00079,groundnut,
IN.ADM2.00089,bajra,
IN.ADM2.00102,wheat,
IN.ADM2.00158,ragi,
IN.ADM2.00159,barley,
IN.ADM2.00159,ragi,
IN.ADM2.00160,sesamum,
IN.ADM2.00283,sesamum,
IN.ADM2.00287,wheat,
IN.ADM2.00289,potato,
IN.ADM2.00289,sugarcane,
IN.ADM2.00329,groundnut,
IN.ADM2.00367,rapeseed_mustard,
IN.ADM2.00387,arhartur,
IN.ADM2.00402,sugarcane,
IN.ADM2.00453,jowar,
IN.ADM2.00465,cottonlint,
IN.ADM2.00474,groundnut,
IN.ADM2.00480,soyabean,
IN.ADM2.00483,jowar,
IN.ADM2.00502,potato,
IN.ADM2.00503,arhartur,
IN.ADM2.00503,potato,
IN.ADM2.00536,arhartur,
IN.ADM2.00542,jowar,
IN.ADM2.00557,arhartur,
IN.ADM2.00558,jowar,
IN.ADM2.00561,arhartur,
IN.ADM2.00569,arhartur,
IN.ADM2.00569,jowar,
IN.ADM2.00570,jowar,
IN.ADM2.00570,rapeseed_mustard,
IN.ADM2.00570,sugarcane,
